Stream,S,D50,D84,Q,V,h,w,D
Cherry,0.0252,0.049,0.171,1.51434669711797,0.540003217455599,0.336685096191464,8.35940443896299,0.004
Cherry,0.0252,0.049,0.171,2.20155412259459,0.653541866184088,0.37359410827467,9.00225145632382,0.008
Cherry,0.0252,0.049,0.171,3.84809931313962,0.868874468108874,0.436334666050505,10.0547085625795,0.0226
Cherry,0.0252,0.049,0.171,4.06873542756084,0.893934619776335,0.44315023296294,10.1663181441269,0.045
Cherry,0.0252,0.049,0.171,4.4712434743746,0.93799361005996,0.454925548616278,10.3579910732622,0.045
Cherry,0.0252,0.049,0.171,4.41245883005842,0.931683870099346,0.453254870910978,10.3308842851006,0.032
Cherry,0.0252,0.049,0.171,4.12495605190943,0.9002130266336,0.444844092260131,10.1939794014124,0.045
Cherry,0.0252,0.049,0.171,4.23867544184363,0.91278568477707,0.448220009233555,10.2490189841401,0.0226
Cherry,0.0252,0.049,0.171,4.18160252351119,0.906496724248284,0.446534006630825,10.2215460489033,0.064
Cherry,0.0252,0.049,0.171,3.95756930848901,0.881393791313116,0.439750544506001,10.110708138698,0.032
Cherry,0.0252,0.049,0.171,2.2821821122183,0.665641036919463,0.377348508108338,9.06659223442794,0.008
Cherry,0.0252,0.049,0.171,2.32309667728466,0.671700623808948,0.379217140922337,9.09854709411971,0.004
Cherry,0.0252,0.049,0.171,1.95050820515929,0.614407920376179,0.361228774721826,8.78901055290629,0.0056
Cherry,0.0252,0.049,0.171,1.96922544920992,0.617407799154491,0.36218910899346,8.80564600090166,0.004
Cherry,0.0252,0.049,0.171,2.12252270095001,0.641469678069908,0.369816433797231,8.93732372810729,0.004
Cherry,0.0252,0.049,0.171,2.16183921455039,0.647502375552122,0.371708213169011,8.9698618954844,0.0056
Cherry,0.0252,0.049,0.171,2.77706970395625,0.735716837035151,0.398509225452868,9.42585832294568,0.016
Cherry,0.0252,0.049,0.171,3.03280142868894,0.769523460511325,0.408388853534426,9.59170542347609,0.008
East Dallas,0.0163,0.059,0.118,0.675031682352475,0.695416451832388,0.124553451130704,8.02817101520983,0.008
East Dallas,0.0163,0.059,0.118,0.698540903274152,0.70524612976653,0.126877413090665,8.03785111884536,0.008
East Dallas,0.0163,0.059,0.118,0.7162087961055,0.712505651126724,0.128600344530863,8.0449213119745,0.008
East Dallas,0.0163,0.059,0.118,0.745832434767457,0.724444259812183,0.131445887940903,8.05640661634939,0.008
East Dallas,0.0163,0.059,0.118,0.777892702635082,0.737053703032393,0.134467508307221,8.06835090781124,0.008
East Dallas,0.0163,0.059,0.118,0.78903664886998,0.74136469186719,0.135504337017169,8.07239166803326,0.008
East Dallas,0.0163,0.059,0.118,0.791834746186505,0.742441473599434,0.135763610939008,8.07339760014028,0.008
East Dallas,0.0163,0.059,0.118,0.822933408490957,0.754260875600665,0.138617370234302,8.08435250775039,0.008
East Dallas,0.0163,0.059,0.118,0.868236232584223,0.771016367932282,0.142687257198367,8.09961655108666,0.0113
East Dallas,0.0163,0.059,0.118,0.887873957099268,0.778119137501553,0.144421028101607,8.10599574185204,0.0113
East Dallas,0.0163,0.059,0.118,0.791834746186505,0.742441473599434,0.135763610939008,8.07339760014028,0.0056
East Dallas,0.0163,0.059,0.118,0.78903664886998,0.74136469186719,0.135504337017169,8.07239166803326,0.0056
East Dallas,0.0163,0.059,0.118,0.785313387508077,0.739928383310309,0.135158679921363,8.07104778408613,0.0113
East Dallas,0.0163,0.059,0.118,0.785313387508077,0.739928383310309,0.135158679921363,8.07104778408613,0.0056
East Dallas,0.0163,0.059,0.118,0.794637687051576,0.743517870813902,0.136022911467478,8.07440184095177,0.0056
East Dallas,0.0163,0.059,0.118,0.791834746186505,0.742441473599434,0.135763610939008,8.07339760014028,0.008
East Dallas,0.0163,0.059,0.118,0.858497926312188,0.767458939546919,0.141820795174209,8.09640131062906,0.008
East Dallas,0.0163,0.059,0.118,0.855586909557011,0.766390919395313,0.141560911941638,8.09543336372818,0.0056
East Dallas,0.0163,0.059,0.118,0.855586909557011,0.766390919395313,0.141560911941638,8.09543336372818,0.0056
East Dallas,0.0163,0.059,0.118,0.880976322817526,0.775634991751799,0.143814080377152,8.10377073829398,0.008
East Dallas,0.0163,0.059,0.118,0.971663989221996,0.807427730179014,0.151628004324537,8.1317678538232,0.008
East Dallas,0.0163,0.059,0.118,1.02392177323057,0.824957234739377,0.155978514907592,8.14677637830615,0.008
East Dallas,0.0163,0.059,0.118,1.03134465865011,0.827404015500657,0.156588111218571,8.1488480464304,0.0113
East Dallas,0.0163,0.059,0.118,1.03879376182382,0.8298490153791,0.1571978350643,8.15091262001798,0.0113
East Dallas,0.0163,0.059,0.118,1.06345392961541,0.837870144180619,0.159202105907252,8.1576468866188,0.0113
East Dallas,0.0163,0.059,0.118,1.07751741349852,0.842395461694228,0.160335555740887,8.16142022971938,0.0113
East Dallas,0.0163,0.059,0.118,1.11031634336012,0.85281575872257,0.162952848431515,8.17003900401755,0.0113
East Dallas,0.0163,0.059,0.118,1.09276373145806,0.8472621944199,0.161556675592738,8.16545763101715,0.008
East Dallas,0.0163,0.059,0.118,1.1070148104928,0.851775145460235,0.162691016894935,8.16918263802171,0.008
East Dallas,0.0163,0.059,0.118,1.11031634336012,0.85281575872257,0.162952848431515,8.17003900401755,0.0113
East Dallas,0.0163,0.059,0.118,1.11031634336012,0.85281575872257,0.162952848431515,8.17003900401755,0.008
East Dallas,0.0163,0.059,0.118,1.10371808564537,0.850734218968301,0.162429207997174,8.16832505688871,0.008
East Dallas,0.0163,0.059,0.118,1.09276373145806,0.8472621944199,0.161556675592738,8.16545763101715,0.0113
East Dallas,0.0163,0.059,0.118,1.08839695166986,0.845872403549121,0.161207733435933,8.16430683912175,0.016
East Dallas,0.0163,0.059,0.118,1.09932993220219,0.849345828743702,0.162080164739066,8.16717971897225,0.0113
East Dallas,0.0163,0.059,0.118,1.11031634336012,0.85281575872257,0.162952848431515,8.17003900401755,0.0113
East Dallas,0.0163,0.059,0.118,1.11472586578161,0.854202756811763,0.163301992306788,8.17117894129232,0.016
East Dallas,0.0163,0.059,0.118,1.16266783151731,0.869078239148492,0.167057806764581,8.18329945898496,0.0113
East Dallas,0.0163,0.059,0.118,0.855586909557011,0.766390919395313,0.141560911941638,8.09543336372818,0.008
East Dallas,0.0163,0.059,0.118,0.858497926312188,0.767458939546919,0.141820795174209,8.09640131062906,0.0113
East Dallas,0.0163,0.059,0.118,0.855586909557011,0.766390919395313,0.141560911941638,8.09543336372818,0.008
East Dallas,0.0163,0.059,0.118,0.855586909557011,0.766390919395313,0.141560911941638,8.09543336372818,0.008
East Dallas,0.0163,0.059,0.118,0.782526593271203,0.738850701121212,0.13489946825863,8.070037882553,0.0056
East Dallas,0.0163,0.059,0.118,0.785313387508077,0.739928383310309,0.135158679921363,8.07104778408613,0.008
East Dallas,0.0163,0.059,0.118,0.782526593271203,0.738850701121212,0.13489946825863,8.070037882553,0.0056
East Dallas,0.0163,0.059,0.118,0.766826283445883,0.732736494597782,0.133431108967126,8.06428260767861,0.0113
East Dallas,0.0163,0.059,0.118,0.764071795106117,0.731656214276837,0.133172076568897,8.06326118376426,0.008
East Dallas,0.0163,0.059,0.118,0.764071795106117,0.731656214276837,0.133172076568897,8.06326118376426,0.0113
East Dallas,0.0163,0.059,0.118,0.739499576962647,0.721915901083785,0.130842008742121,8.05398877563333,0.008
East Dallas,0.0163,0.059,0.118,0.734092433211643,0.719746999438134,0.13032451713566,8.05190850330273,0.008
East Dallas,0.0163,0.059,0.118,0.727808626658304,0.717214577522049,0.129720916466696,8.04947230137712,0.008
East Dallas,0.0163,0.059,0.118,0.727808626658304,0.717214577522049,0.129720916466696,8.04947230137712,0.008
East Dallas,0.0163,0.059,0.118,0.72512365396558,0.716128579721446,0.1294622766128,8.04842515639934,0.0113
East Dallas,0.0163,0.059,0.118,1.05269735375302,0.834385031297606,0.158330516202667,8.15472817672634,0.008
East Dallas,0.0163,0.059,0.118,1.05269735375302,0.834385031297606,0.158330516202667,8.15472817672634,0.016
East Dallas,0.0163,0.059,0.118,1.05269735375302,0.834385031297606,0.158330516202667,8.15472817672634,0.008
East Dallas,0.0163,0.059,0.118,1.06022134200728,0.83682498584927,0.158940602010735,8.15677275501696,0.0113
East Dallas,0.0163,0.059,0.118,1.06669132948636,0.838914981491747,0.159463632884887,8.15851975398087,0.0113
East Dallas,0.0163,0.059,0.118,1.08839695166986,0.845872403549121,0.161207733435933,8.16430683912175,0.0113
East Dallas,0.0163,0.059,0.118,1.07751741349852,0.842395461694228,0.160335555740887,8.16142022971938,0.0113
East Dallas,0.0163,0.059,0.118,1.06345392961541,0.837870144180619,0.159202105907252,8.1576468866188,0.0113
East Dallas,0.0163,0.059,0.118,1.0710153478344,0.840307599572651,0.159812371367307,8.15968161707681,0.0113
East Dallas,0.0163,0.059,0.118,1.08839695166986,0.845872403549121,0.161207733435933,8.16430683912175,0.0113
East Dallas,0.0163,0.059,0.118,1.14024644831745,0.862167276229981,0.165310345681463,8.17769219992683,0.0113
East Dallas,0.0163,0.059,0.118,1.20012974713195,0.880451867095204,0.16994326161497,8.19243939975189,0.016
East Dallas,0.0163,0.059,0.118,1.23468999206759,0.890760205892835,0.17256868984569,8.20063049704998,0.0113
East Dallas,0.0163,0.059,0.118,1.26620432221546,0.900012644750661,0.174933412558136,8.20790910445049,0.0113
East Dallas,0.0163,0.059,0.118,1.27797484795528,0.903433524332015,0.175809673072064,8.21058289382212,0.016
East Dallas,0.0163,0.059,0.118,1.29335614474565,0.90787590511485,0.176949162492845,8.21404131790497,0.0113
East Dallas,0.0163,0.059,0.118,1.34124745545279,0.921511395389421,0.180457747777124,8.22456085849408,0.016
East Dallas,0.0163,0.059,0.118,1.40725075838651,0.939840959015843,0.18520014662483,8.23847980371772,0.0113
East Dallas,0.0163,0.059,0.118,1.477335369004,0.958756862805376,0.190125089879441,8.25258619477485,0.0226
East Dallas,0.0163,0.059,0.118,1.52841513718673,0.972212055206369,0.193647118570363,8.26246627272319,0.0113
East Dallas,0.0163,0.059,0.118,1.55947042540431,0.980263168481003,0.195761993112259,8.26831855315306,0.016
East Dallas,0.0163,0.059,0.118,1.62913257146386,0.997985408350498,0.200436675704178,8.28104741133975,0.0113
East Dallas,0.0163,0.059,0.118,1.62913257146386,0.997985408350498,0.200436675704178,8.28104741133975,0.016
East Dallas,0.0163,0.059,0.118,1.6251496896406,0.99698434271354,0.200171913266275,8.28033393161006,0.016
East Dallas,0.0163,0.059,0.118,1.65580693749936,1.00465287792166,0.202202237803055,8.28578282965237,0.016
East Dallas,0.0163,0.059,0.118,1.71387396118682,1.01895122927252,0.206000994202588,8.29584179872854,0.016
East Dallas,0.0163,0.059,0.118,1.81049401319832,1.04212272084053,0.212193047959585,8.31187230529539,0.016
East Dallas,0.0163,0.059,0.118,1.8583582997258,1.05333164478708,0.215204141428627,8.31951025839352,0.032
East Dallas,0.0163,0.059,0.118,1.90109855642229,1.06319752189479,0.217862870839638,8.32617180342638,0.0226
East Dallas,0.0163,0.059,0.118,1.94721184913416,1.07369633341114,0.220700771240504,8.3331989345486,0.016
East Dallas,0.0163,0.059,0.118,1.93563286177294,1.07107400982294,0.219991111315853,8.33144964916574,0.016
East Dallas,0.0163,0.059,0.118,1.96755633037899,1.0782816095549,0.221942970966734,8.33624829201104,0.0226
East Dallas,0.0163,0.059,0.118,1.98215140599161,1.08155386772244,0.222830485369964,8.33841721013094,0.0226
East Dallas,0.0163,0.059,0.118,2.11135313814564,1.10992086737727,0.230559804386082,8.35697201404681,0.032
East Dallas,0.0163,0.059,0.118,2.22283994461739,1.13358584808683,0.237056105231688,8.37212248074933,0.045
East Dallas,0.0163,0.059,0.118,2.31657223423137,1.15294569938303,0.242402714039823,8.38430326677887,0.032
East Dallas,0.0163,0.059,0.118,2.32763096023742,1.1551991159252,0.243026900716517,8.3857088958998,0.045
East Dallas,0.0163,0.059,0.118,2.14161845301921,1.11641668288582,0.232338646470041,8.36115985757941,0.045
East Dallas,0.0163,0.059,0.118,2.11587950616432,1.11089583551218,0.230826583832549,8.35760200143281,0.0226
East Dallas,0.0163,0.059,0.118,2.15683009472008,1.11966109957102,0.233228342346737,8.36324319423078,0.032
East Dallas,0.0163,0.059,0.118,2.18281070208785,1.12517130273714,0.23474124359212,8.36676884763278,0.045
East Dallas,0.0163,0.059,0.118,2.26010568027365,1.14133948667716,0.239193979401983,8.37702355804647,0.045
East Dallas,0.0163,0.059,0.118,2.11587950616432,1.11089583551218,0.230826583832549,8.35760200143281,0.0226
East Dallas,0.0163,0.059,0.118,2.10081004762075,1.10764512073515,0.229937383536304,8.35549954220727,0.0226
East Dallas,0.0163,0.059,0.118,2.08129850292474,1.10341567444565,0.228781699401372,8.35275561073226,0.032
East Dallas,0.0163,0.059,0.118,2.08129850292474,1.10341567444565,0.228781699401372,8.35275561073226,0.0226
East Dallas,0.0163,0.059,0.118,2.06187599841685,1.09918223130685,0.227626328848832,8.34999944100191,0.045
East Dallas,0.0163,0.059,0.118,2.07232320480114,1.10146227564892,0.228248412402517,8.35148505997412,0.032
East Dallas,0.0163,0.059,0.118,2.02625305694131,1.09135606573652,0.225494165702323,8.34487859078799,0.0226
East Dallas,0.0163,0.059,0.118,2.04105905363312,1.0946186424612,0.22638243596048,8.34701744113526,0.0226
East Dallas,0.0163,0.059,0.118,2.05145461373581,1.09690102145089,0.227004336627044,8.34851024070626,0.032
East Dallas,0.0163,0.059,0.118,2.10081004762075,1.10764512073515,0.229937383536304,8.35549954220727,0.0226
East Dallas,0.0163,0.059,0.118,2.15683009472008,1.11966109957102,0.233228342346737,8.36324319423078,0.0226
East Dallas,0.0163,0.059,0.118,2.21820303259206,1.13261572597135,0.236788943592804,8.37150711076476,0.032
East Dallas,0.0163,0.059,0.118,2.2757224814626,1.14456633912528,0.240085063931164,8.37905428828259,0.032
East Dallas,0.0163,0.059,0.118,2.35459507753888,1.16066719981428,0.244543140912697,8.38910936720473,0.032
East Dallas,0.0163,0.059,0.118,2.39612802295214,1.16901790782136,0.246863072911854,8.39427431874329,0.032
East Dallas,0.0163,0.059,0.118,2.31184066447099,1.15197961737729,0.242135231884997,8.38369987788297,0.045
East Dallas,0.0163,0.059,0.118,2.26478519891974,1.14230777808984,0.239461286063569,8.3776334760207,0.045
East Dallas,0.0163,0.059,0.118,2.22593384983368,1.13423248256488,0.237234221979921,8.37253238801354,0.032
East Dallas,0.0163,0.059,0.118,2.21357085571878,1.13164539914538,0.236521798148562,8.37089112875414,0.032
East Dallas,0.0163,0.059,0.118,2.16140385342556,1.12063397289944,0.23349528670417,8.36386682971911,0.032
East Dallas,0.0163,0.059,0.118,1.77385141134,1.03342300242514,0.209863073667679,8.30589222764636,0.0226
East Dallas,0.0163,0.059,0.118,1.72898986643316,1.0226263056688,0.206980123955155,8.29840638519906,0.0226
East Dallas,0.0163,0.059,0.118,1.72898986643316,1.0226263056688,0.206980123955155,8.29840638519906,0.0226
East Dallas,0.0163,0.059,0.118,1.70271719393957,1.01622644056698,0.205275766501366,8.29393488912473,0.032
East Dallas,0.0163,0.059,0.118,1.44221052365199,0.949344431282775,0.187670580504721,8.24559906382017,0.032
East Dallas,0.0163,0.059,0.118,1.4947498327282,0.9633745010486,0.191332047094236,8.25599110859958,0.032
East Dallas,0.0163,0.059,0.118,1.53140405939997,0.972991109610081,0.193851519509012,8.26303449241172,0.032
East Dallas,0.0163,0.059,0.118,2.16997206647521,1.12245323329515,0.233994666332589,8.36503169299852,0.032
East Dallas,0.0163,0.059,0.118,2.19638265040715,1.12803438567484,0.235528270620338,8.36859453863659,0.045
East Dallas,0.0163,0.059,0.118,2.21536012771833,1.13202034937939,0.236625018932341,8.37112921154528,0.032
East Dallas,0.0163,0.059,0.118,2.24400285399513,1.13799840289329,0.238272191639829,8.37491540151625,0.064
East Dallas,0.0163,0.059,0.118,2.75508948347728,1.23787758001963,0.266191389789929,8.43562338039329,0.045
East Dallas,0.0163,0.059,0.118,2.72712972615788,1.23271145989664,0.264729202521681,8.43259512399933,0.045
East Dallas,0.0163,0.059,0.118,2.70146643938806,1.22794208173118,0.263381030296496,8.42978911139657,0.045
East Dallas,0.0163,0.059,0.118,2.66323335463139,1.22078683524692,0.261361551990042,8.42556065660343,0.045
East Dallas,0.0163,0.059,0.118,2.66958373860168,1.22197947490389,0.261697899530512,8.42626702811435,0.045
East Dallas,0.0163,0.059,0.118,2.20775784948159,1.13042602112432,0.236186188172477,8.37011635930156,0.0226
East Dallas,0.0163,0.059,0.118,2.20775784948159,1.13042602112432,0.236186188172477,8.37011635930156,0.045
East Dallas,0.0163,0.059,0.118,2.18881798504571,1.12643986649602,0.235089878248437,8.36757829111773,0.045
East Dallas,0.0163,0.059,0.118,2.20206601849537,1.12923022487848,0.235857180077795,8.36935583093637,0.045
East Dallas,0.0163,0.059,0.118,2.2980372966658,1.14915459093513,0.241353466138138,8.3819327843466,0.032
East Dallas,0.0163,0.059,0.118,2.37453666815128,1.16468745462868,0.245659360114834,8.39160013898715,0.032
East Dallas,0.0163,0.059,0.118,2.58562723693973,1.20607434997004,0.257220936076658,8.4167945244139,0.045
East Dallas,0.0163,0.059,0.118,2.70786915779517,1.22913448509171,0.263717934587675,8.43049158197989,0.045
East Dallas,0.0163,0.059,0.118,3.10581481301349,1.30021159567677,0.28398507862916,8.47127898263316,0.045
East Dallas,0.0163,0.059,0.118,3.43616752226162,1.35522851604532,0.299916844643126,8.50147381014211,0.045
East Dallas,0.0163,0.059,0.118,3.49304267374001,1.36438096568138,0.302587387806227,8.50638787575237,0.032
East Dallas,0.0163,0.059,0.118,3.49304267374001,1.36438096568138,0.302587387806227,8.50638787575237,0.045
East Dallas,0.0163,0.059,0.118,3.51590763722304,1.36803564761691,0.303655357519927,8.50834170580045,0.045
East Dallas,0.0163,0.059,0.118,3.55224459857332,1.37381492493151,0.305346022117955,8.51142164904882,0.045
East Dallas,0.0163,0.059,0.118,3.56759350861245,1.37624564024438,0.306057775911718,8.51271351013377,0.064
East Dallas,0.0163,0.059,0.118,3.32365109469363,1.33685523642602,0.294573077034843,8.49151669721428,0.045
East Dallas,0.0163,0.059,0.118,3.42295576447799,1.35308968742787,0.299293590029726,8.50032107385045,0.045
East Dallas,0.0163,0.059,0.118,3.4949455812646,1.36468565941392,0.302676390667614,8.50655095080662,0.064
East Dallas,0.0163,0.059,0.118,3.55032803138763,1.37351097474756,0.305257048527613,8.51125996059243,0.064
East Dallas,0.0163,0.059,0.118,3.92461261662152,1.43112886991063,0.322233724070596,8.54134082967492,0.064
East Dallas,0.0163,0.059,0.118,4.17433558652044,1.46778645031643,0.333148525459768,8.5599076643406,0.09
East Dallas,0.0163,0.059,0.118,3.51003654775887,1.36709856779556,0.303381438082542,8.50784118870904,0.045
East Dallas,0.0163,0.059,0.118,3.49844061296875,1.36524502934263,0.302839802370238,8.5068502444208,0.064
East Dallas,0.0163,0.059,0.118,3.66665190249461,1.39178652053302,0.310617806824863,8.5209241163481,0.064
East Dallas,0.0163,0.059,0.118,3.66015409202371,1.39077475230961,0.310320438574093,8.52039213272757,0.064
East Dallas,0.0163,0.059,0.118,3.43543800921599,1.35511054312669,0.299882459205155,8.50141027118225,0.064
East Dallas,0.0163,0.059,0.118,3.46498306077605,1.35987664156649,0.301272383510676,8.50397322572854,0.045
East Dallas,0.0163,0.059,0.118,3.86523830905387,1.42221196948634,0.319592007300197,8.53675877764032,0.045
East Dallas,0.0163,0.059,0.118,3.96396404808459,1.43699493167792,0.323974450984544,8.54434096234044,0.064
Fool,0.04,0.052,0.13,0.06640300525824,0.240183066547044,0.099449030516047,2.78,0.0056
Fool,0.04,0.052,0.13,0.069922821839841,0.248114198313735,0.101373054657633,2.78,0.0028
Fool,0.04,0.052,0.13,0.07744657542912,0.26458711787746,0.105290388261039,2.78,0.0056
Fool,0.04,0.052,0.13,0.090603761299921,0.29203256095484,0.111601531475036,2.78,0.0056
Fool,0.04,0.052,0.13,0.093044844331084,0.296957135525943,0.112707742836826,2.78,0.0056
Fool,0.04,0.052,0.13,0.079193917515247,0.268326434098714,0.106165539689085,2.78,0.0028
Fool,0.04,0.052,0.13,0.0835346974464,0.277485684428803,0.108288297397046,2.78,0.0014
Fool,0.04,0.052,0.13,0.089283017304576,0.289347618489985,0.110995187873437,2.78,0.0014
Fool,0.04,0.052,0.13,0.09656044687872,0.30396602135035,0.114269264515415,2.78,0.0014
Fool,0.04,0.052,0.13,0.102563618356224,0.315719282470764,0.116855035299716,2.78,0.0028
Fool,0.04,0.052,0.13,0.105302339722413,0.320996143837109,0.118003098154711,2.78,0.002
Fool,0.04,0.052,0.13,0.145350373556736,0.393138937698479,0.132991932421858,2.78,0.008
Fool,0.04,0.052,0.13,0.15036245540352,0.401612284351873,0.134675198646413,2.78,0.0056
Fool,0.04,0.052,0.13,0.18320999745024,0.45475902547504,0.144918238207191,2.78,0.004
Fool,0.04,0.052,0.13,0.15053804217626,0.401907212337762,0.134733523612507,2.78,0.0056
Fool,0.04,0.052,0.13,0.154495224602534,0.408520516976782,0.136036794946656,2.78,0.004
Fool,0.04,0.052,0.13,0.162821867904,0.422234396059725,0.13871209398907,2.78,0.004
Fool,0.04,0.052,0.13,0.163048402676736,0.422603810925159,0.138783662247579,2.78,0.0056
Fool,0.04,0.052,0.13,0.164310721489811,0.424658824074586,0.139181320921028,2.78,0.0113
Fool,0.04,0.052,0.13,0.145035872099237,0.39260366182606,0.132885100387138,2.78,0.004
Fool,0.04,0.052,0.13,0.145775126255616,0.39386117768222,0.133135984825875,2.78,0.0056
Fool,0.04,0.052,0.13,0.1578664197504,0.414105080673692,0.137130609052708,2.78,0.008
Fool,0.04,0.052,0.13,0.1649456313984,0.425690221732928,0.139380605674097,2.78,0.0056
Fool,0.04,0.052,0.13,0.168827461290245,0.431964447083634,0.140588659627889,2.78,0.0056
Fool,0.04,0.052,0.13,0.148582236066161,0.398614849933146,0.13408142600502,2.78,0.008
Fool,0.04,0.052,0.13,0.15092879233536,0.402563086359803,0.134863166381355,2.78,0.004
Fool,0.04,0.052,0.13,0.157167210240376,0.412950468411587,0.136904960853603,2.78,0.0056
Fool,0.04,0.052,0.13,0.16933474262016,0.432780395373019,0.140745233777099,2.78,0.0056
Fool,0.04,0.052,0.13,0.17924563892736,0.448544430208687,0.143746849124898,2.78,0.008
Fool,0.04,0.052,0.13,0.1826436605184,0.45387430312274,0.144751879557476,2.78,0.0056
Fool,0.04,0.052,0.13,0.18434267131392,0.456525432318054,0.145249987685409,2.78,0.008
Fool,0.04,0.052,0.13,0.171997031873559,0.43704784093992,0.141562158945079,2.78,0.004
Fool,0.04,0.052,0.13,0.18490900824576,0.457407125341353,0.145415381742121,2.78,0.0056
Fool,0.04,0.052,0.13,0.203088423757824,0.48519941802866,0.150563638632866,2.78,0.0056
Fool,0.04,0.052,0.13,0.20800614080637,0.492556667732377,0.151906080477019,2.78,0.016
Fool,0.04,0.052,0.13,0.182815581890556,0.454142983345974,0.144802414859635,2.78,0.004
Fool,0.04,0.052,0.13,0.19283772529152,0.469647557451392,0.147698177354066,2.78,0.0113
Fool,0.04,0.052,0.13,0.210791339924932,0.49669488648937,0.152657547031547,2.78,0.008
Fool,0.04,0.052,0.13,0.211991728322034,0.49847214881612,0.152979494567823,2.78,0.0113
Fool,0.04,0.052,0.13,0.21407536023552,0.501548278363131,0.153535618776109,2.78,0.008
Fool,0.04,0.052,0.13,0.223390662721437,0.515167189507053,0.155981116681383,2.78,0.0056
Fool,0.04,0.052,0.13,0.23021596279296,0.525012311598081,0.157732486606781,2.78,0.008
Fool,0.04,0.052,0.13,0.2364456690432,0.533904188194522,0.159302737863924,2.78,0.0113
Fool,0.04,0.052,0.13,0.238139286995245,0.536306462019981,0.15972512004503,2.78,0.0113
Fool,0.04,0.052,0.13,0.212392756307423,0.499065067333003,0.153086795798616,2.78,0.0056
Fool,0.04,0.052,0.13,0.222372196286976,0.513688597183695,0.155716905344846,2.78,0.0028
Fool,0.04,0.052,0.13,0.19920901577472,0.47934881116738,0.149490136773079,2.78,0.004
Fool,0.04,0.052,0.13,0.19939505022499,0.479630332608762,0.14954191454137,2.78,0.0028
Fool,0.04,0.052,0.13,0.199781786661375,0.480215259868005,0.149649455238509,2.78,0.0028
Fool,0.04,0.052,0.13,0.167429966493983,0.429711896048845,0.140155781597598,2.78,0.004
Fool,0.04,0.052,0.13,0.167267612818944,0.429449754957988,0.140105344933463,2.78,0.0028
Fool,0.04,0.052,0.13,0.167429966493983,0.429711896048845,0.140155781597598,2.78,0.0028
Fool,0.04,0.052,0.13,0.168827461290245,0.431964447083634,0.140588659627889,2.78,0.0113
Fool,0.04,0.052,0.13,0.156496651778314,0.411841376430017,0.136687964964717,2.78,0.004
Fool,0.04,0.052,0.13,0.156931963812864,0.412561575210374,0.136828900428959,2.78,0.0056
Fool,0.04,0.052,0.13,0.159791965318656,0.417274990786131,0.137748787932522,2.78,0.008
Fool,0.04,0.052,0.13,0.161908647775679,0.420743251427952,0.13842294697528,2.78,0.0056
Fool,0.04,0.052,0.13,0.165143849324544,0.426011920695399,0.139442723222369,2.78,0.016
Fool,0.04,0.052,0.13,0.166386352829279,0.428025195895783,0.139831034779248,2.78,0.0113
Fool,0.04,0.052,0.13,0.138405992000651,0.381217410834494,0.130598253497406,2.78,0.0028
Fool,0.04,0.052,0.13,0.13861096406784,0.381572423557978,0.130669974921898,2.78,0.0028
Fool,0.04,0.052,0.13,0.139654671592696,0.383377118925535,0.131034146011267,2.78,0.002
Fool,0.04,0.052,0.13,0.14101789602816,0.385726779428174,0.131507234099308,2.78,0.0028
Fool,0.04,0.052,0.13,0.14384958068736,0.390580727161558,0.132480816093259,2.78,0.0056
Fool,0.04,0.052,0.13,0.1465396811136,0.395159245328336,0.133394615289061,2.78,0.0056
Fool,0.04,0.052,0.13,0.14668126534656,0.395399352224143,0.133442416614735,2.78,0.0028
Fool,0.04,0.052,0.13,0.137784157040174,0.380139193873721,0.130380258642294,2.78,0.0028
Fool,0.04,0.052,0.13,0.140595548855309,0.384999724299715,0.131360973125764,2.78,0.0028
Fool,0.04,0.052,0.13,0.14122486017772,0.386082765623107,0.131578806255333,2.78,0.0028
Fool,0.04,0.052,0.13,0.12799214659584,0.362914742012172,0.126862690247388,2.78,0.002
Fool,0.04,0.052,0.13,0.114768179237376,0.33885509368161,0.121832365754775,2.78,0.0113
Fool,0.04,0.052,0.13,0.119322779014367,0.347252429709956,0.123604212044417,2.78,0.0056
Fool,0.04,0.052,0.13,0.120753488843854,0.349865567903461,0.124151990830805,2.78,0.0056
Fool,0.04,0.052,0.13,0.120346598016,0.349123571405144,0.123996621015848,2.78,0.0056
Fool,0.04,0.052,0.13,0.100977874947072,0.31264003937218,0.116181461186505,2.78,0.008
Fool,0.04,0.052,0.13,0.105027184009728,0.320468304585615,0.117888608804164,2.78,0.008
Fool,0.04,0.052,0.13,0.11086045440768,0.331551361501343,0.120276572284759,2.78,0.0056
Fool,0.04,0.052,0.13,0.113607188527104,0.336694913910937,0.121373663412226,2.78,0.0113
Fool,0.04,0.052,0.13,0.119044023072768,0.346741942251906,0.123497004011877,2.78,0.008
Fool,0.04,0.052,0.13,0.119044023072768,0.346741942251906,0.123497004011877,2.78,0.0056
Fool,0.04,0.052,0.13,0.117854715515904,0.344558953989369,0.1230378199981,2.78,0.0056
Fool,0.04,0.052,0.13,0.115334516169216,0.339905896496859,0.122055064238862,2.78,0.0056
Fool,0.04,0.052,0.13,0.17103375341568,0.435506628047984,0.141267500701642,2.78,0.0056
Fool,0.04,0.052,0.13,0.178084648217088,0.446714816941057,0.143400719089697,2.78,0.0056
Fool,0.04,0.052,0.13,0.1798119758592,0.449435328554657,0.143915181442977,2.78,0.008
Fool,0.04,0.052,0.13,0.180633164410368,0.450725284317767,0.144158671993175,2.78,0.0113
Fool,0.04,0.052,0.13,0.182247224666112,0.453254391809137,0.14463523535564,2.78,0.0113
Fool,0.04,0.052,0.13,0.182700294211584,0.453962821112804,0.144768530010536,2.78,0.0113
Fool,0.04,0.052,0.13,0.182445442592256,0.453564409933346,0.144693577384563,2.78,0.016
Fool,0.04,0.052,0.13,0.167890583443968,0.430455109114037,0.140298709259522,2.78,0.0056
Fool,0.04,0.052,0.13,0.172562863131648,0.437951658750137,0.141734757956307,2.78,0.0113
Fool,0.04,0.052,0.13,0.179896926398976,0.449568873461235,0.143940402514384,2.78,0.008
Fool,0.04,0.052,0.13,0.192044853586944,0.468432028332109,0.147472586003993,2.78,0.008
Fool,0.04,0.052,0.13,0.203909612308992,0.486432532405842,0.150789218482853,2.78,0.008
Fool,0.04,0.052,0.13,0.21053575441152,0.496315989173464,0.152588849465962,2.78,0.016
Fool,0.04,0.052,0.13,0.214811598246912,0.502632550317526,0.153731307359242,2.78,0.016
Fool,0.04,0.052,0.13,0.22143774034944,0.512329758287196,0.155473817685989,2.78,0.016
Fool,0.04,0.052,0.13,0.226081703190528,0.519062013270006,0.156675602503307,2.78,0.016
Fool,0.04,0.052,0.13,0.234548440321536,0.531205512978874,0.15882730977052,2.78,0.032
Fool,0.04,0.052,0.13,0.226619723275776,0.519838638354163,0.156813826553011,2.78,0.0226
Fool,0.04,0.052,0.13,0.2392773537024,0.537917167031076,0.160007889347505,2.78,0.016
Fool,0.04,0.052,0.13,0.252473004214272,0.556390238813052,0.163226492989789,2.78,0.016
Fool,0.04,0.052,0.13,0.25952389901568,0.566113951338702,0.164903055804368,2.78,0.0226
Fool,0.04,0.052,0.13,0.263006871146496,0.570881017785093,0.165720675998737,2.78,0.0226
Fool,0.04,0.052,0.13,0.266348259044352,0.575432336535255,0.166498683149825,2.78,0.0226
Fool,0.04,0.052,0.13,0.26801895299328,0.5777000478482,0.166885385729892,2.78,0.032
Fool,0.04,0.052,0.13,0.266942912822784,0.57624009126946,0.166636497471487,2.78,0.0226
Fool,0.04,0.052,0.13,0.262808653220352,0.570610352340182,0.16567432816843,2.78,0.045
Fool,0.04,0.052,0.13,0.260175186487296,0.567007149625309,0.165056466466092,2.78,0.0226
Fool,0.04,0.052,0.13,0.258844294697472,0.565181031259448,0.164742716712883,2.78,0.0226
Fool,0.04,0.052,0.13,0.220276749639168,0.510638536665698,0.155170899154586,2.78,0.0113
Fool,0.04,0.052,0.13,0.226732990662144,0.520002051171636,0.156842900043993,2.78,0.0113
Fool,0.04,0.052,0.13,0.239588839014912,0.538357516222026,0.16008513491494,2.78,0.0226
Fool,0.04,0.052,0.13,0.247177753901568,0.549021309112797,0.161947923768847,2.78,0.016
Fool,0.04,0.052,0.13,0.249443101628928,0.552180889847669,0.162496993374125,2.78,0.016
Fool,0.04,0.052,0.13,0.250802310265344,0.554071528514543,0.162824930944743,2.78,0.0226
Fool,0.04,0.052,0.13,0.250349240719872,0.553441738970008,0.162715742906887,2.78,0.0226
Fool,0.04,0.052,0.13,0.24791399191296,0.550049346719342,0.162126717292915,2.78,0.0226
Fool,0.04,0.052,0.13,0.245592010492416,0.546803207555472,0.161561689099005,2.78,0.0226
Fool,0.04,0.052,0.13,0.243156761685504,0.543386462771328,0.160965476747181,2.78,0.032
Fool,0.04,0.052,0.13,0.239787056941056,0.538637627851933,0.160134258301144,2.78,0.016
Fool,0.04,0.052,0.13,0.207534168672768,0.491853384930941,0.151778113044298,2.78,0.004
Fool,0.04,0.052,0.13,0.21789813452544,0.507163230125919,0.154547134480853,2.78,0.004
Fool,0.04,0.052,0.13,0.22554368310528,0.518284702207177,0.156537171395156,2.78,0.0056
Fool,0.04,0.052,0.13,0.232084874668032,0.527689145615984,0.158206339015645,2.78,0.0113
Fool,0.04,0.052,0.13,0.238484481997824,0.536795317411726,0.159810978428311,2.78,0.0226
Fool,0.04,0.052,0.13,0.24324171222528,0.543505864636288,0.160986337920428,2.78,0.0226
Fool,0.04,0.052,0.13,0.24465755455488,0.545493623894359,0.161333351542767,2.78,0.0226
Fool,0.04,0.052,0.13,0.243043494299136,0.543227236207756,0.160937654717213,2.78,0.016
Fool,0.04,0.052,0.13,0.24225062259456,0.542111878361762,0.160742671767305,2.78,0.0226
Fool,0.04,0.052,0.13,0.1047723323904,0.319978957436465,0.117782399352145,2.78,0.0056
Fool,0.04,0.052,0.13,0.104517480771072,0.319489168484742,0.117676027275077,2.78,0.004
Fool,0.04,0.052,0.13,0.103979460685824,0.318453712068507,0.117450927034226,2.78,0.0028
Half Moon 04,0.0142,0.049,0.119,1.802,0.685511870741601,0.328192274419132,8.00961153384061,0.0056
Half Moon 04,0.0142,0.049,0.119,1.607,0.656768972538559,0.305486340538447,8.00961153384061,0.0056
Half Moon 04,0.0142,0.049,0.119,1.558,0.649206586123159,0.299621575254782,8.00961153384061,0.004
Half Moon 04,0.0142,0.049,0.119,1.626,0.659662462923251,0.307742385553351,8.00961153384061,0.008
Half Moon 04,0.0142,0.049,0.119,1.789,0.683658089243757,0.326708121375512,8.00961153384061,0.008
Half Moon 04,0.0142,0.049,0.119,2.043,0.718460768693376,0.355020846112278,8.00961153384061,0.016
Half Moon 04,0.0142,0.049,0.119,1.542,0.646705039543693,0.297691665022185,8.00961153384061,0.008
Half Moon 04,0.0142,0.049,0.119,1.523,0.643713257016622,0.295390141382609,8.00961153384061,0.0056
Half Moon 04,0.0142,0.049,0.119,1.599,0.655544253828986,0.304533445048059,8.00961153384061,0.008
Half Moon 04,0.0142,0.049,0.119,1.774,0.681508601718172,0.324990615586671,8.00961153384061,0.008
Half Moon 04,0.0142,0.049,0.119,1.97,0.708749977442626,0.347025760603866,8.00961153384061,0.016
Half Moon 04,0.0142,0.049,0.119,2.329,0.754543145517375,0.385366498559365,8.00961153384061,0.016
Half Moon 04,0.0142,0.049,0.119,1.753,0.678480118594443,0.322576953991519,8.00961153384061,0.004
Half Moon 04,0.0142,0.049,0.119,1.872,0.695352587885167,0.336116100050522,8.00961153384061,0.0056
Half Moon 04,0.0142,0.049,0.119,1.978,0.709825048738218,0.347907277207226,8.00961153384061,0.0113
Half Moon 04,0.0142,0.049,0.119,2.111,0.727312897050311,0.362372716156811,8.00961153384061,0.0113
Half Moon 04,0.0142,0.049,0.119,1.427,0.628227951576098,0.283592841663651,8.00961153384061,0.004
Half Moon 04,0.0142,0.049,0.119,1.413,0.625915718474488,0.281847930628683,8.00961153384061,0.0056
Half Moon 04,0.0142,0.049,0.119,1.449,0.63183294287742,0.286321965385552,8.00961153384061,0.004
Half Moon 04,0.0142,0.049,0.119,1.962,0.707672169687289,0.346142904147612,8.00961153384061,0.0056
Half Moon 04,0.0142,0.049,0.119,2.367,0.759124202636537,0.389290644368366,8.00961153384061,0.0113
Half Moon 04,0.0142,0.049,0.119,2.904,0.819451816706827,0.442447490637163,8.00961153384061,0.032
Half Moon 04,0.0142,0.049,0.119,1.818,0.687781991321326,0.330013438653642,8.00961153384061,0.0056
Half Moon 04,0.0142,0.049,0.119,1.847,0.691864916008378,0.333299094468331,8.00961153384061,0.0056
Half Moon 04,0.0142,0.049,0.119,1.987,0.711031255392587,0.348897391104175,8.00961153384061,0.0056
Half Moon 04,0.0142,0.049,0.119,2.293,0.750159832387782,0.381626738249579,8.00961153384061,0.016
Half Moon 04,0.0142,0.049,0.119,2.606,0.786931843119633,0.413452706031286,8.00961153384061,0.0226
Half Moon 04,0.0142,0.049,0.119,3.014,0.830925838925636,0.452865806275254,8.00961153384061,0.064
Half Moon 04,0.0142,0.049,0.119,1.834,0.690039639188523,0.331828618236006,8.00961153384061,0.004
Half Moon 04,0.0142,0.049,0.119,1.834,0.690039639188523,0.331828618236006,8.00961153384061,0.032
Half Moon 04,0.0142,0.049,0.119,1.915,0.701283809658276,0.340928660703722,8.00961153384061,0.0113
Half Moon 04,0.0142,0.049,0.119,2.088,0.7243390419904,0.359896105121799,8.00961153384061,0.004
Half Moon 04,0.0142,0.049,0.119,2.295,0.750404475405084,0.381835076137206,8.00961153384061,0.0113
Half Moon 04,0.0142,0.049,0.119,2.771,0.805209240447955,0.429651490099065,8.00961153384061,0.008
Half Moon 04,0.0142,0.049,0.119,1.879,0.696323905586529,0.33690233541874,8.00961153384061,0.008
Half Moon 04,0.0142,0.049,0.119,2.019,0.715292502280332,0.352404295021129,8.00961153384061,0.0056
Half Moon 04,0.0142,0.049,0.119,1.626,0.659662462923251,0.307742385553351,8.00961153384061,0.004
Half Moon 04,0.0142,0.049,0.119,1.488,0.638140319985955,0.291122178275914,8.00961153384061,0.0113
Half Moon 04,0.0142,0.049,0.119,1.629,0.660117391758149,0.308097699802028,8.00961153384061,0.004
Half Moon 04,0.0142,0.049,0.119,2.089,0.724468765267589,0.360003995346393,8.00961153384061,0.0056
Half Moon 04,0.0142,0.049,0.119,2.363,0.758644164170934,0.388878691662258,8.00961153384061,0.016
Half Moon 04,0.0142,0.049,0.119,2.258,0.745856780410452,0.377969748890479,8.00961153384061,0.004
Half Moon 04,0.0142,0.049,0.119,2.174,0.735356198183636,0.369105340609666,8.00961153384061,0.0113
Half Moon 04,0.0142,0.049,0.119,1.977,0.709690813860256,0.347797160650022,8.00961153384061,0.0056
Half Moon 04,0.0142,0.049,0.119,1.868,0.694796528056427,0.335666329036491,8.00961153384061,0.004
Half Moon 04,0.0142,0.049,0.119,2.111,0.727312897050311,0.362372716156811,8.00961153384061,0.0113
Half Moon 04,0.0142,0.049,0.119,2.3,0.751015499628467,0.382355624007837,8.00961153384061,0.0113
Half Moon 04,0.0142,0.049,0.119,2.433,0.766972580793102,0.396050729331016,8.00961153384061,0.0113
Half Moon 04,0.0142,0.049,0.119,1.879,0.696323905586529,0.33690233541874,8.00961153384061,0.004
Half Moon 04,0.0142,0.049,0.119,1.957,0.706997142168083,0.345590435133487,8.00961153384061,0.008
Half Moon 04,0.0142,0.049,0.119,2.232,0.742633124511017,0.375239389144519,8.00961153384061,0.016
Half Moon 04,0.0142,0.049,0.119,2.623,0.788847857213325,0.415139049951733,8.00961153384061,0.0226
Half Moon 04,0.0142,0.049,0.119,3.077,0.837379593373882,0.458768583614713,8.00961153384061,0.0226
Half Moon 04,0.0142,0.049,0.119,3.555,0.88384620555354,0.502170793075961,8.00961153384061,0.064
Half Moon 04,0.0142,0.049,0.119,3.931,0.917712881817785,0.534791828385217,8.00961153384061,0.032
Half Moon 04,0.0142,0.049,0.119,2.578,0.78375892427406,0.410666201087431,8.00961153384061,0.0113
Half Moon 04,0.0142,0.049,0.119,2.52,0.777117147041367,0.404857879147084,8.00961153384061,0.016
Half Moon 04,0.0142,0.049,0.119,2.619,0.788397731346405,0.414742631795234,8.00961153384061,0.016
Half Moon 04,0.0142,0.049,0.119,2.951,0.824387074415801,0.446916699004637,8.00961153384061,0.016
Half Moon 04,0.0142,0.049,0.119,3.359,0.865297065590532,0.484655694184974,8.00961153384061,0.0226
Half Moon 04,0.0142,0.049,0.119,3.791,0.90535020626017,0.522788139580968,8.00961153384061,0.045
Half Moon 04,0.0142,0.049,0.119,4.198,0.94054712426384,0.55725044123677,8.00961153384061,0.064
Half Moon 04,0.0142,0.049,0.119,4.573,0.971131270831453,0.587911302157102,8.00961153384061,0.045
Half Moon 04,0.0142,0.049,0.119,3.023,0.831852941284523,0.453711865726167,8.00961153384061,0.0226
Half Moon 04,0.0142,0.049,0.119,2.964,0.825743447316497,0.448148152071454,8.00961153384061,0.0226
Half Moon 04,0.0142,0.049,0.119,3.008,0.83030680752085,0.452301241659481,8.00961153384061,0.0226
Half Moon 04,0.0142,0.049,0.119,3.193,0.849049645581316,0.469520306703692,8.00961153384061,0.032
Half Moon 04,0.0142,0.049,0.119,3.466,0.875504878338417,0.494263493792587,8.00961153384061,0.032
Half Moon 04,0.0142,0.049,0.119,3.838,0.909531926707316,0.526836151573816,8.00961153384061,0.045
Half Moon 04,0.0142,0.049,0.119,4.252,0.945053874995476,0.561726917423137,8.00961153384061,0.045
Half Moon 04,0.0142,0.049,0.119,4.517,0.966666399978415,0.583394074742427,8.00961153384061,0.045
Half Moon 04,0.0142,0.049,0.119,4.753,0.985255010270794,0.602292851915468,8.00961153384061,0.032
Half Moon 04,0.0142,0.049,0.119,3.185,0.848253419011861,0.468783551103423,8.00961153384061,0.045
Half Moon 04,0.0142,0.049,0.119,3.081,0.837786551616179,0.459141829452794,8.00961153384061,0.0226
Half Moon 04,0.0142,0.049,0.119,3.086,0.838294784580245,0.459608131992522,8.00961153384061,0.032
Half Moon 04,0.0142,0.049,0.119,3.275,0.857139910385285,0.477032681649611,8.00961153384061,0.0226
Half Moon 04,0.0142,0.049,0.119,3.573,0.885517274117352,0.503760980207465,8.00961153384061,0.032
Half Moon 04,0.0142,0.049,0.119,3.852,0.910771343739972,0.528038352661768,8.00961153384061,0.032
Half Moon 04,0.0142,0.049,0.119,4.096,0.931934329450672,0.548735660699865,8.00961153384061,0.045
Half Moon 04,0.0142,0.049,0.119,2.964,0.825743447316497,0.448148152071454,8.00961153384061,0.0226
Half Moon 04,0.0142,0.049,0.119,2.945,0.823759794451105,0.446347651920786,8.00961153384061,0.0226
Half Moon 04,0.0142,0.049,0.119,2.986,0.828030389243179,0.450227557880746,8.00961153384061,0.016
Half Moon 04,0.0142,0.049,0.119,3.109,0.840626041080214,0.461749495056341,8.00961153384061,0.0226
Half Moon 04,0.0142,0.049,0.119,3.272,0.856846173940748,0.476759087481493,8.00961153384061,0.0226
Half Moon 04,0.0142,0.049,0.119,3.483,0.877108437783587,0.495779690706035,8.00961153384061,0.045
Half Moon 04,0.0142,0.049,0.119,3.699,0.897069785702932,0.514809613878728,8.00961153384061,0.032
Half Moon 04,0.0142,0.049,0.119,2.887,0.817654416060047,0.440824317609421,8.00961153384061,0.032
Half Moon 04,0.0142,0.049,0.119,2.826,0.811149820479727,0.434970323720633,8.00961153384061,0.016
Half Moon 04,0.0142,0.049,0.119,2.769,0.804991834229748,0.429457337701805,8.00961153384061,0.016
Half Moon 04,0.0142,0.049,0.119,2.75,0.802921554945645,0.427610266389277,8.00961153384061,0.016
Half Moon 04,0.0142,0.049,0.119,2.75,0.802921554945645,0.427610266389277,8.00961153384061,0.0226
Half Moon 04,0.0142,0.049,0.119,2.75,0.802921554945645,0.427610266389277,8.00961153384061,0.0113
Half Moon 04,0.0142,0.049,0.119,2.768,0.80488309425704,0.429360241836111,8.00961153384061,0.0226
Half Moon 15,0.012,0.063,0.137,0.702750858436004,0.393059392575991,0.209413142394196,8.53766819206339,0.004
Half Moon 15,0.012,0.063,0.137,0.694277690990185,0.390256329733476,0.208374217647758,8.53766819206338,0.004
Half Moon 15,0.012,0.063,0.137,0.708065371323705,0.394810451846706,0.210061006299306,8.53766819206338,0.004
Half Moon 15,0.012,0.063,0.137,0.881,0.449139392884004,0.229749983267778,8.53766819206338,0.004
Half Moon 15,0.012,0.063,0.137,0.865,0.44430874891523,0.228029990963176,8.53766819206339,0.0056
Half Moon 15,0.012,0.063,0.137,1.02543679489526,0.491226300121562,0.244505151460273,8.53766819206338,0.008
Half Moon 15,0.012,0.063,0.137,1.0145,0.488128395160404,0.243432582857533,8.53766819206338,0.0056
Half Moon 15,0.012,0.063,0.137,0.9985,0.483571528192507,0.241851104090318,8.53766819206338,0.0056
Half Moon 15,0.012,0.063,0.137,1.047,0.497294783753217,0.246600245983792,8.53766819206338,0.008
Half Moon 15,0.012,0.063,0.137,1.11,0.514737630628926,0.252579318596051,8.53766819206338,0.0113
Half Moon 15,0.012,0.063,0.137,1.171,0.531243867498532,0.258180651846073,8.53766819206338,0.0056
Half Moon 15,0.012,0.063,0.137,1.775,0.679004093489515,0.306186961158888,8.53766819206339,0.004
Half Moon 15,0.012,0.063,0.137,1.332,0.573195608337464,0.272183690402854,8.53766819206338,0.004
Half Moon 15,0.012,0.063,0.137,1.425,0.596480336864932,0.279820456240446,8.53766819206338,0.0056
Half Moon 15,0.012,0.063,0.137,1.507,0.616498721813357,0.286313482501328,8.53766819206339,0.008
Half Moon 15,0.012,0.063,0.137,1.52372544624436,0.620526490819052,0.287612078949506,8.53766819206338,0.0113
Half Moon 15,0.012,0.063,0.137,1.516,0.618668337995997,0.28701331083982,8.53766819206339,0.0056
Half Moon 15,0.012,0.063,0.137,1.5016,0.6151944018509,0.285892401281354,8.53766819206338,0.008
Half Moon 15,0.012,0.063,0.137,1.514,0.618186658446829,0.286858005712287,8.53766819206339,0.0113
Half Moon 15,0.012,0.063,0.137,1.644,0.648974199535112,0.29671199893299,8.53766819206338,0.008
Half Moon 15,0.012,0.063,0.137,1.778,0.679680950483717,0.306399030091677,8.53766819206338,0.0056
Half Moon 15,0.012,0.063,0.137,1.96,0.719907078418726,0.318889599619234,8.53766819206339,0.016
Half Moon 15,0.012,0.063,0.137,2.125,0.755069856488143,0.329634401189883,8.53766819206338,0.0113
Half Moon 15,0.012,0.063,0.137,2.196,0.769854122552092,0.334106268272397,8.53766819206339,0.0226
Half Moon 15,0.012,0.063,0.137,2.16,0.762382773901802,0.331849680581302,8.53766819206338,0.0113
Half Moon 15,0.012,0.063,0.137,2.118,0.75360136348234,0.32918876745877,8.53766819206338,0.0113
Half Moon 15,0.012,0.063,0.137,2.172,0.764878856628964,0.332604325240759,8.53766819206338,0.032
Half Moon 15,0.012,0.063,0.137,2.485,0.828109817854996,0.351478842207092,8.53766819206338,0.016
Half Moon 15,0.012,0.063,0.137,2.695,0.868710429695418,0.36336614504637,8.53766819206338,0.016
Half Moon 15,0.012,0.063,0.137,3.1,0.943514895801001,0.384834199879534,8.53766819206338,0.0226
Half Moon 15,0.012,0.063,0.137,3.26,0.971949600705423,0.392857077900819,8.53766819206338,0.0226
Half Moon 15,0.012,0.063,0.137,3.355,0.988562088306189,0.397511137285579,8.53766819206338,0.008
Half Moon 15,0.012,0.063,0.137,2.832,0.894500069331291,0.37082892150917,8.53766819206338,0.0226
Half Moon 15,0.012,0.063,0.137,2.777,0.88420940637834,0.367859076881189,8.53766819206338,0.0226
Half Moon 15,0.012,0.063,0.137,2.7535,0.879787038298615,0.366579562962979,8.53766819206338,0.032
Half Moon 15,0.012,0.063,0.137,2.76,0.881011789462828,0.366934113557217,8.53766819206338,0.0226
Half Moon 15,0.012,0.063,0.137,3.24,0.968427063514292,0.391867115550101,8.53766819206338,0.0226
Half Moon 15,0.012,0.063,0.137,3.49,1.01184121066935,0.403992954318978,8.53766819206338,0.0226
Half Moon 15,0.012,0.063,0.137,3.74,1.05399756353101,0.415616444626734,8.53766819206339,0.0226
Half Moon 15,0.012,0.063,0.137,3.335,0.985080917499342,0.396537861063846,8.53766819206338,0.016
Half Moon 15,0.012,0.063,0.137,3.253,0.970717723220127,0.392510999733336,8.53766819206339,0.016
Half Moon 15,0.012,0.063,0.137,3.241,0.96860340173068,0.391916699158518,8.53766819206338,0.0226
Half Moon 15,0.012,0.063,0.137,3.20398196748321,0.962060754795252,0.390075156913806,8.53766819206338,0.032
Half Moon 15,0.012,0.063,0.137,3.186,0.958871403472785,0.389176073713822,8.53766819206338,0.0226
Half Moon 15,0.012,0.063,0.137,3.31,0.980717393906183,0.395316410628572,8.53766819206338,0.0226
Half Moon 15,0.012,0.063,0.137,3.51,1.01525832738076,0.404940564300158,8.53766819206339,0.0226
Half Moon 15,0.012,0.063,0.137,3.765,1.05814869376623,0.416753262181339,8.53766819206339,0.0226
Half Moon 15,0.012,0.063,0.137,3.49,1.01184121066935,0.403992954318978,8.53766819206338,0.0226
Half Moon 15,0.012,0.063,0.137,3.39303519571829,0.995159049771425,0.399352672816847,8.53766819206338,0.016
Half Moon 15,0.012,0.063,0.137,3.32,0.982464419309486,0.395805641769001,8.53766819206339,0.0226
Half Moon 15,0.012,0.063,0.137,3.265,0.972828849312256,0.393104008243952,8.53766819206338,0.016
Half Moon 15,0.012,0.063,0.137,3.35,0.987692595089113,0.397268139855395,8.53766819206338,0.032
Half Moon 15,0.012,0.063,0.137,3.54,1.02036907159874,0.406356025031552,8.53766819206338,0.0226
Half Moon 15,0.012,0.063,0.137,3.76,1.05731937397905,0.416526255773241,8.53766819206338,0.0226
Half Moon 15,0.012,0.063,0.137,3.98,1.09339321398767,0.42635113702586,8.53766819206339,0.0226
Half Moon 15,0.012,0.063,0.137,3.73,1.0523339275689,0.41516046242973,8.53766819206338,0.016
Half Moon 15,0.012,0.063,0.137,3.6472273075519,1.03849266128,0.411358169399485,8.53766819206339,0.0226
Half Moon 15,0.012,0.063,0.137,3.544,1.02104916015898,0.406544217650957,8.53766819206338,0.0226
Half Moon 15,0.012,0.063,0.137,3.534,1.01934834770941,0.406073500712633,8.53766819206339,0.0226
Half Moon 15,0.012,0.063,0.137,3.58,1.02715585808072,0.40823234049749,8.53766819206338,0.016
Half Moon 15,0.012,0.063,0.137,3.622,1.03424860733908,0.410189206917552,8.53766819206339,0.0226
Half Moon 15,0.012,0.063,0.137,3.678,1.0436533688786,0.412777649022386,8.53766819206338,0.0226
Half Moon 15,0.012,0.063,0.137,3.705,1.04816681766822,0.414017342168297,8.53766819206339,0.0226
Half Moon 15,0.012,0.063,0.137,3.725,1.0515014238944,0.414932200837247,8.53766819206338,0.032
Half Moon 15,0.012,0.063,0.137,3.68,1.04398816325852,0.412869661907523,8.53766819206338,0.0226
Half Moon 15,0.012,0.063,0.137,3.65,1.03895838316702,0.411486356842141,8.53766819206338,0.032
Half Moon 15,0.012,0.063,0.137,3.58,1.02715585808072,0.40823234049749,8.53766819206338,0.0226
Half Moon 15,0.012,0.063,0.137,3.957,1.08966080915578,0.425339235939924,8.53766819206338,0.0226
Half Moon 15,0.012,0.063,0.137,3.85,1.07217874150837,0.420585470073397,8.53766819206339,0.0226
Half Moon 15,0.012,0.063,0.137,3.796,1.06328043301522,0.418156747923185,8.53766819206338,0.032
Half Moon 15,0.012,0.063,0.137,3.73221044570466,1.05270182254308,0.415261316854618,8.53766819206338,0.016
Half Moon 15,0.012,0.063,0.137,3.874,1.07611710673768,0.421658450701138,8.53766819206338,0.016
Half Moon 15,0.012,0.063,0.137,3.815,1.06641720122044,0.419013608828343,8.53766819206338,0.016
Half Moon 15,0.012,0.063,0.137,3.76,1.05731937397905,0.416526255773241,8.53766819206338,0.032
Half Moon 15,0.012,0.063,0.137,3.73,1.0523339275689,0.41516046242973,8.53766819206338,0.0226
Half Moon 15,0.012,0.063,0.137,3.79,1.06228853805339,0.417885634738619,8.53766819206339,0.0226
Half Moon 15,0.012,0.063,0.137,3.945,1.08770993689467,0.42480990963379,8.53766819206338,0.0226
Half Moon 15,0.012,0.063,0.137,4.3,1.14443663160964,0.440085878142174,8.53766819206338,0.0226
Half Moon 15,0.012,0.063,0.137,4.52,1.17862877077962,0.449181772179046,8.53766819206338,0.032
Half Moon 15,0.012,0.063,0.137,4.34,1.15070579985731,0.44175976175929,8.53766819206338,0.045
Half Moon 15,0.012,0.063,0.137,4.263,1.1386163293395,0.438529336997694,8.53766819206339,0.0226
Half Moon 15,0.012,0.063,0.137,4.151,1.1208705907064,0.433768476067864,8.53766819206339,0.0226
Half Moon 15,0.012,0.063,0.137,4.2,1.12865820464687,0.435860562546404,8.53766819206338,0.0226
Half Moon 15,0.012,0.063,0.137,4.345,1.15148777700652,0.441968356210452,8.53766819206338,0.032
Half Moon 15,0.012,0.063,0.137,4.607,1.191961167423,0.452706607184717,8.53766819206338,0.032
Half Moon 15,0.012,0.063,0.137,4.92965393461806,1.24052938723585,0.465446858409787,8.53766819206339,0.0226
Half Moon 15,0.012,0.063,0.137,5.2164935696486,1.28262228315977,0.476365853648351,8.53766819206338,0.032
Half Moon 15,0.012,0.063,0.137,4.85773645351722,1.22981954767055,0.462650765638982,8.53766819206338,0.032
Half Moon 15,0.012,0.063,0.137,4.8247083201129,1.22487928174554,0.461358473883945,8.53766819206338,0.045
Half Moon 15,0.012,0.063,0.137,4.79,1.21967273221215,0.459994804493516,8.53766819206339,0.032
Half Moon 15,0.012,0.063,0.137,4.744,1.21274843554333,0.458178477675016,8.53766819206338,0.045
Half Moon 15,0.012,0.063,0.137,4.817,1.22372429685045,0.461056119791133,8.53766819206338,0.045
Half Moon 15,0.012,0.063,0.137,4.946,1.24295466237011,0.466079017633147,8.53766819206339,0.045
Half Moon 15,0.012,0.063,0.137,5.04,1.25683821761229,0.469690618671259,8.53766819206338,0.032
Half Moon 15,0.012,0.063,0.137,5.28,1.29181218272869,0.478735104273193,8.53766819206338,0.045
Half Moon 15,0.012,0.063,0.137,5.3,1.29469694940724,0.479477765267167,8.53766819206338,0.045
Half Moon 15,0.012,0.063,0.137,5.2463,1.28694119599754,0.477479956590941,8.53766819206338,0.032
Half Moon 15,0.012,0.063,0.137,5.16,1.27440857676882,0.474243889296764,8.53766819206338,0.064
Half Moon 15,0.012,0.063,0.137,5.09,1.2641798193702,0.471595504741575,8.53766819206338,0.0226
Half Moon 15,0.012,0.063,0.137,5.21,1.28168003240047,0.47612263948365,8.53766819206338,0.045
Half Moon 15,0.012,0.063,0.137,5.465,1.3183282537307,0.485542593954568,8.53766819206338,0.045
Half Moon 15,0.012,0.063,0.137,5.405,1.30976935113875,0.483349865722224,8.53766819206338,0.045
Half Moon 15,0.012,0.063,0.137,5.34,1.30045312702917,0.480958142204513,8.53766819206338,0.064
Half Moon 15,0.012,0.063,0.137,5.14,1.27149191168368,0.473489382408102,8.53766819206338,0.045
Half Moon 15,0.012,0.063,0.137,5.17,1.27586517097751,0.474620495781739,8.53766819206339,0.045
Half Moon 15,0.012,0.063,0.137,4.95,1.2435476439436,0.466233523760588,8.53766819206338,0.045
Half Moon 15,0.012,0.063,0.137,4.815,1.22342450079477,0.460977624392538,8.53766819206339,0.064
Half Moon 15,0.012,0.063,0.137,4.79,1.21967273221215,0.459994804493516,8.53766819206339,0.032
Half Moon 15,0.012,0.063,0.137,4.979,1.24784089976019,0.467351496582679,8.53766819206338,0.045
Half Moon 15,0.012,0.063,0.137,5.07,1.26124674274364,0.470834880975151,8.53766819206338,0.032
Half Moon 15,0.012,0.063,0.137,5.15,1.27295082472796,0.473866851949218,8.53766819206338,0.045
Half Moon 15,0.012,0.063,0.137,4.91,1.2376089517461,0.464685132721941,8.53766819206338,0.032
Half Moon 15,0.012,0.063,0.137,4.975,1.24724933725607,0.467197522254818,8.53766819206338,0.032
Half Moon 15,0.012,0.063,0.137,4.77262649657893,1.21706074789783,0.459310019862889,8.53766819206338,0.032
Half Moon 15,0.012,0.063,0.137,4.87,1.23165039016151,0.46312928129321,8.53766819206338,0.0226
Half Moon 15,0.012,0.063,0.137,5.085,1.26344699386746,0.471405514351542,8.53766819206339,0.032
Half Moon 15,0.012,0.063,0.137,5.45,1.31619215522519,0.484995748884999,8.53766819206338,0.032
Hayden,0.0384,0.063,0.176,0.3165,0.512575665004584,0.10943073557619,5.64256293912553,0.004
Hayden,0.0384,0.063,0.176,0.327,0.519650177421722,0.111140407980968,5.66193248111239,0.008
Hayden,0.0384,0.063,0.176,0.542,0.642511231973637,0.141290013062154,5.97045043261275,0.0056
Hayden,0.0384,0.063,0.176,0.546,0.644498533839296,0.141784354215031,5.97506177220972,0.0056
Hayden,0.0384,0.063,0.176,0.567,0.654795835322609,0.144348992542263,5.99878633128238,0.008
Hayden,0.0384,0.063,0.176,0.663,0.69925681176233,0.155482219010441,6.09812177315055,0.004
Hayden,0.0384,0.063,0.176,0.663,0.69925681176233,0.155482219010441,6.09812177315055,0.0056
Hayden,0.0384,0.063,0.176,0.662,0.698813649735424,0.155370781126083,6.09715535478159,0.0113
Hayden,0.0384,0.063,0.176,0.657,0.696591994380663,0.154812261445537,6.09230357596889,0.008
Hayden,0.0384,0.063,0.176,0.659,0.69748182930043,0.155035936189643,6.09424823997338,0.008
Hayden,0.0384,0.063,0.176,0.662,0.698813649735424,0.155370781126083,6.09715535478159,0.0113
Hayden,0.0384,0.063,0.176,0.691,0.711511303075164,0.158567389583681,6.12466539316792,0.016
Hayden,0.0384,0.063,0.176,0.662,0.698813649735424,0.155370781126083,6.09715535478159,0.0056
Hayden,0.0384,0.063,0.176,0.654,0.695254291222014,0.154476078013458,6.0893766225848,0.0056
Hayden,0.0384,0.063,0.176,0.6577,0.696903615085819,0.154890588215939,6.09298481030379,0.0113
Hayden,0.0384,0.063,0.176,0.6605,0.698148178081476,0.15520345846507,6.09570327459366,0.004
Hayden,0.0384,0.063,0.176,0.679,0.706295320666919,0.157253364801202,6.11340965259894,0.004
Hayden,0.0384,0.063,0.176,0.683,0.708039879229434,0.157692717877079,6.11718121116626,0.004
Hayden,0.0384,0.063,0.176,0.679,0.706295320666919,0.157253364801202,6.11340965259894,0.004
Hayden,0.0384,0.063,0.176,0.757,0.739300999211663,0.16558932924123,6.18361211508763,0.008
Hayden,0.0384,0.063,0.176,0.76,0.74053012856099,0.165900716051644,6.18618066469156,0.0056
Hayden,0.0384,0.063,0.176,0.765,0.742572439764285,0.166418263439401,6.19044148413725,0.004
Hayden,0.0384,0.063,0.176,0.78,0.748653323538995,0.16796033820071,6.20307604510166,0.008
Hayden,0.0384,0.063,0.176,0.802,0.757450503236733,0.170194150350431,6.22121887137797,0.008
Hayden,0.0384,0.063,0.176,0.821,0.76493608678724,0.172097596006194,6.23653269596559,0.0056
Hayden,0.0384,0.063,0.176,1.164,0.885729838628303,0.203137203689519,6.46937364512396,0.016
Hayden,0.0384,0.063,0.176,1.147,0.880273563588664,0.201722539866671,6.45938738371018,0.016
Hayden,0.0384,0.063,0.176,1.1435,0.87914440136802,0.201429921935344,6.45731495770524,0.0226
Hayden,0.0384,0.063,0.176,1.1325,0.87558249879091,0.200507191671229,6.45076445396015,0.016
Hayden,0.0384,0.063,0.176,1.132,0.875420118329653,0.200465137827354,6.45046535280063,0.0226
Hayden,0.0384,0.063,0.176,1.117,0.87052922673055,0.199198957579267,6.44143687624311,0.016
Hayden,0.0384,0.063,0.176,1.143,0.878982928923582,0.201388081009527,6.45701843353567,0.016
Hayden,0.0384,0.063,0.176,1.145,0.879628573141945,0.201555387115391,6.45820383447949,0.0226
Hayden,0.0384,0.063,0.176,1.17,0.887644539373924,0.203633904476074,6.47286705960853,0.016
Hayden,0.0384,0.063,0.176,1.155,0.882847023543003,0.202389625451151,6.46410318531707,0.016
Hayden,0.0384,0.063,0.176,1.134,0.876069390837309,0.200633294750377,6.45166104884659,0.0226
Hayden,0.0384,0.063,0.176,1.147,0.880273563588664,0.201722539866671,6.45938738371018,0.0226
Hayden,0.0384,0.063,0.176,1.149,0.880917902063979,0.201889539670965,6.46056908734154,0.016
Hayden,0.0384,0.063,0.176,1.169,0.887325818729284,0.203551214035536,6.47228593898145,0.016
Hayden,0.0384,0.063,0.176,1.344,0.940868040545689,0.217496091457646,6.56778753730397,0.032
Hayden,0.0384,0.063,0.176,1.334,0.937921458729504,0.216725904040817,6.56263928803544,0.016
Hayden,0.0384,0.063,0.176,1.32,0.933774639914388,0.215642531490526,6.55537340425595,0.0226
Hayden,0.0384,0.063,0.176,1.342,0.94027974405292,0.21734229528247,6.56676063647723,0.032
Hayden,0.0384,0.063,0.176,1.366,0.947306064308491,0.219179981713809,6.57899407802059,0.016
Hayden,0.0384,0.063,0.176,1.388,0.95368422626254,0.2208496933516,6.59004023242638,0.016
Hayden,0.0384,0.063,0.176,1.44,0.968530430472343,0.224741868840913,6.61553899501816,0.016
Hayden,0.0384,0.063,0.176,1.498,0.984727316293257,0.228997064679761,6.64302539159445,0.0226
Hayden,0.0384,0.063,0.176,1.593,1.01048913819539,0.235783981859482,6.68605320939688,0.032
Hayden,0.0384,0.063,0.176,1.635,1.02159434848744,0.238716665131183,6.70434780802391,0.0226
Hayden,0.0384,0.063,0.176,1.52,0.99077566415105,0.230588427925071,6.65320260323167,0.0226
Hayden,0.0384,0.063,0.176,1.463,0.974997811238173,0.226439850291333,6.62655529522281,0.032
Hayden,0.0384,0.063,0.176,1.442,0.96909517916328,0.224890082028431,6.6165031620182,0.0226
Hayden,0.0384,0.063,0.176,1.446,0.970223315169627,0.225186184982296,6.61842791082911,0.032
Hayden,0.0384,0.063,0.176,1.448,0.970786704468271,0.225334075203423,6.61938849890227,0.032
Hayden,0.0384,0.063,0.176,1.524,0.99186989743701,0.230876464615815,6.65503882681326,0.0226
Hayden,0.0384,0.063,0.176,1.583,1.00782008221394,0.235079760040369,6.68163377702657,0.032
Hayden,0.0384,0.063,0.176,1.798,1.06319442948151,0.249739308969408,6.77158117872567,0.032
Hayden,0.0384,0.063,0.176,1.792,1.06170285698341,0.24934310119934,6.76920493830532,0.032
Hayden,0.0384,0.063,0.176,1.802,1.06418720791544,0.250003061971455,6.77316139933623,0.032
Hayden,0.0384,0.063,0.176,1.77,1.05620883425072,0.247884348248449,6.76043069592785,0.032
Hayden,0.0384,0.063,0.176,1.818,1.06814559279701,0.251055012404551,6.77945105003939,0.045
Hayden,0.0384,0.063,0.176,1.978,1.10666471844506,0.261317978921656,6.83976108913382,0.045
Hayden,0.0384,0.063,0.176,2.085,1.13142447374975,0.267939771301228,6.87770126633821,0.045
Hayden,0.0384,0.063,0.176,2.206,1.15855148225659,0.275216470220831,6.91856061745859,0.045
Hayden,0.0384,0.063,0.176,2.499,1.22085152874013,0.292012051795764,7.00975160818594,0.09
Hayden,0.0384,0.063,0.176,2.58,1.23731791275388,0.296470280660224,7.03326921159279,0.064
Hayden,0.0384,0.063,0.176,2.075,1.1291421672704,0.267328586567516,6.8742302193271,0.0226
Hayden,0.0384,0.063,0.176,2.1,1.13483606078015,0.268853669975526,6.88288000165077,0.032
Hayden,0.0384,0.063,0.176,2.101,1.13506299665707,0.268914474515485,6.88322407233746,0.032
Hayden,0.0384,0.063,0.176,2.14,1.14386509730433,0.271274109499066,6.89652981752559,0.032
Hayden,0.0384,0.063,0.176,2.182,1.15324084914758,0.273790143028464,6.9106185310554,0.045
Hayden,0.0384,0.063,0.176,2.351,1.1899456562783,0.283665685378674,6.96496114669862,0.045
Hayden,0.0384,0.063,0.176,2.515,1.22412841568835,0.292898635942398,7.01445059877198,0.064
Hayden,0.0384,0.063,0.176,2.745,1.26995639769454,0.30532995931493,7.07919896607681,0.064
Hayden,0.0384,0.063,0.176,2.856,1.29127715927868,0.311133626215341,7.10872613653807,0.064
Hayden,0.0384,0.063,0.176,2.439,1.2084536002796,0.288660533085158,6.9918871655212,0.045
Hayden,0.0384,0.063,0.176,2.37,1.19397526304145,0.284752318280831,6.97085017275944,0.064
Hayden,0.0384,0.063,0.176,2.5,1.22105669006503,0.292067550458284,7.01004608283626,0.064
Hayden,0.0384,0.063,0.176,2.607,1.24273994191844,0.297939986655296,7.04096167370284,0.045
Hayden,0.0384,0.063,0.176,2.633,1.24793045806365,0.299347725227791,7.04830213217046,0.064
Hayden,0.0384,0.063,0.176,2.63,1.24733307399927,0.299185667436402,7.04745847549803,0.064
Hayden,0.0384,0.063,0.176,2.765,1.27383442313621,0.30638464325101,7.08459716953835,0.064
Hayden,0.0384,0.063,0.176,2.99,1.31638499377762,0.317984256621752,7.143032840401,0.064
Hayden,0.0384,0.063,0.176,2.437,1.20803730568265,0.288548074471337,6.99128493699282,0.045
Hayden,0.0384,0.063,0.176,2.38,1.19608858522608,0.285322393644949,6.97393270821594,0.064
Hayden,0.0384,0.063,0.176,2.322,1.1837586193069,0.281998213162712,6.95588998686839,0.045
Hayden,0.0384,0.063,0.176,2.477,1.21632587759793,0.290788118413901,7.0032463361114,0.064
Hayden,0.0384,0.063,0.176,2.44,1.20866167333282,0.288716744236972,6.9921881140608,0.045
Hayden,0.0384,0.063,0.176,2.495,1.22003040691912,0.291789940468374,7.0085726539538,0.064
Hayden,0.0384,0.063,0.176,2.52,1.22514996206089,0.293175085881553,7.01591354684964,0.045
Hayden,0.0384,0.063,0.176,2.81,1.28250089879645,0.308743132459554,7.09661648321427,0.064
Hayden,0.0384,0.063,0.176,2.695,1.26018906551774,0.302675465979809,7.06554786515462,0.064
Hayden,0.0384,0.063,0.176,2.329,1.18525612687194,0.282401702910769,6.95808882197078,0.045
Hayden,0.0384,0.063,0.176,2.34,1.1876040880838,0.28303447400893,6.96153221278532,0.045
Hayden,0.0384,0.063,0.176,2.224,1.1625125033093,0.276280877086326,6.92446659123303,0.064
Hayden,0.0384,0.063,0.176,2.259,1.17016159612353,0.278337686969062,6.93582898467259,0.045
Hayden,0.0384,0.063,0.176,2.384,1.1969324719083,0.28555007162173,6.97516247759873,0.045
Hayden,0.0384,0.063,0.176,2.56,1.23328034240287,0.295376396340177,7.02752450066416,0.064
Hayden,0.0384,0.063,0.176,2.656,1.25249734366874,0.300586961083705,7.05474173573808,0.045
Hayden,0.0384,0.063,0.176,2.823,1.28498954042539,0.309420776234453,7.10005665592143,0.064
Hayden,0.0384,0.063,0.176,2.966,1.31193677324171,0.316769310182787,7.13699089069876,0.064
Hayden,0.0384,0.063,0.176,2.309,1.18097057151716,0.281247177239507,6.95179064906136,0.09
Hayden,0.0384,0.063,0.176,2.2,1.15722697824127,0.274860655296147,6.91658237292559,0.045
Hayden,0.0384,0.063,0.176,2.085,1.13142447374975,0.267939771301228,6.87770126633821,0.045
Hayden,0.0384,0.063,0.176,2.123,1.14003982113462,0.27024835021874,6.89075678548126,0.045
Hayden,0.0384,0.063,0.176,2.24,1.16601783015257,0.277223225906275,6.92968053965387,0.045
Hayden,0.0384,0.063,0.176,2.23,1.16382870959064,0.276634673686649,6.9264257442172,0.064
Hayden,0.0384,0.063,0.176,2.249,1.16798319741032,0.277751744609908,6.93259875558006,0.045
Hayden,0.0384,0.063,0.176,1.98,1.10713454955054,0.261443452239578,6.84048692347553,0.045
Hayden,0.0384,0.063,0.176,1.891,1.0859540914342,0.255793957055032,6.80753342762612,0.032
Hayden,0.0384,0.063,0.176,1.894,1.08667734535296,0.255986635380655,6.80866661227627,0.032
Hayden,0.0384,0.063,0.176,1.916,1.09196102062116,0.257394740775394,6.81692789029954,0.064
Hayden,0.0384,0.063,0.176,1.949,1.0998209705291,0.25949107652018,6.82916200099877,0.045
Hayden,0.0384,0.063,0.176,1.941,1.09792266020173,0.258984595875958,6.82621327831815,0.032
Hayden,0.0384,0.063,0.176,1.935,1.09649594747489,0.258604015779045,6.82399458952816,0.045
Hayden,0.0384,0.063,0.176,1.961,1.10265998145043,0.260248755355091,6.83356483712931,0.0226
Hayden,0.0384,0.063,0.176,1.96,1.10242378272626,0.260185708587806,6.83319885645637,0.032
Hayden,0.0384,0.063,0.176,2.013,1.11484735865066,0.263504233620161,6.85236942174079,0.032
Hayden,0.0384,0.063,0.176,2.109,1.13687623261379,0.269400364847126,6.88597137351143,0.032
Hayden,0.0384,0.063,0.176,2.201,1.15744787427668,0.274919993131067,6.91691241541082,0.045
Hayden,0.0384,0.063,0.176,2.34,1.1876040880838,0.28303447400893,6.96153221278532,0.09
Hayden,0.0384,0.063,0.176,2.299,1.17881971821179,0.280667945451865,6.94862323212665,0.0226
Hayden,0.0384,0.063,0.176,2.229,1.16360948463996,0.276575742322886,6.92609954659898,0.032
Hayden,0.0384,0.063,0.176,2.193,1.15567907281671,0.274444893368909,6.91426830878719,0.032
Hayden,0.0384,0.063,0.176,2.2,1.15722697824127,0.274860655296147,6.91658237292559,0.0226
Hayden,0.0384,0.063,0.176,2.254,1.16907309745039,0.278044886386214,6.9342154734191,0.0226
Hayden,0.0384,0.063,0.176,2.253,1.16885522970894,0.277986285363375,6.93389238680961,0.032
Hayden,0.0384,0.063,0.176,2.276,1.17385207510434,0.279330672268938,6.94129111788802,0.032
Hayden,0.0384,0.063,0.176,2.276,1.17385207510434,0.279330672268938,6.94129111788802,0.032
Hayden,0.0384,0.063,0.176,1.588,1.00915582876208,0.235432161974124,6.68384660671835,0.008
Hayden,0.0384,0.063,0.176,1.615,1.01632705072426,0.237325144699998,6.69568921446737,0.008
Hayden,0.0384,0.063,0.176,1.655,1.02682440688111,0.240099277546483,6.7129121208239,0.0113
Hayden,0.0384,0.063,0.176,1.661,1.028386269233,0.240512348804824,6.71546335293462,0.0113
Hayden,0.0384,0.063,0.176,1.63,1.02028104340821,0.238369626653726,6.70219208401633,0.0113
Hayden,0.0384,0.063,0.176,1.604,1.01341389966703,0.23655595048265,6.69088599797459,0.016
Hayden,0.0384,0.063,0.176,1.599,1.01208590951877,0.236205401335967,6.68869296500602,0.016
Hayden,0.0384,0.063,0.176,1.606,1.0139444233969,0.236696009487952,6.69176149839013,0.0226
Hayden,0.0384,0.063,0.176,1.644,1.02395244023898,0.239339933179971,6.70821328582569,0.0113
Hayden,0.0384,0.063,0.176,1.654,1.02656377736796,0.240030355944402,6.71248611089438,0.0113
Hayden,0.0384,0.063,0.176,1.507,0.987207826508156,0.229649550143398,6.64720486072162,0.016
Hayden,0.0384,0.063,0.176,1.47,0.976954425131424,0.226953841509113,6.62987731918032,0.0226
Hayden,0.0384,0.063,0.176,1.471,0.977233499920465,0.227027163843006,6.63035073774511,0.032
Hayden,0.0384,0.063,0.176,1.486,0.98140648574444,0.228123874254557,6.63741766791297,0.016
Hayden,0.0384,0.063,0.176,1.332,0.937330606524633,0.216571503216852,6.56160549511879,0.0113
Hayden,0.0384,0.063,0.176,1.321,0.934071684778928,0.215720114703145,6.55589467771815,0.0113
Hayden,0.0384,0.063,0.176,1.321,0.934071684778928,0.215720114703145,6.55589467771815,0.0113
Hayden,0.0384,0.063,0.176,1.322,0.934368599251169,0.215797667088285,6.55641559812827,0.0113
Hayden,0.0384,0.063,0.176,1.2,0.89713365098101,0.206097581768765,6.49009722609787,0.016
Hayden,0.0384,0.063,0.176,1.196,0.895876447612712,0.205770974581769,6.48782229654548,0.008
Hayden,0.0384,0.063,0.176,1.185,0.892406512423108,0.204869836380108,6.48153094484754,0.0056
Hayden,0.0384,0.063,0.176,1.178,0.890188635841687,0.204294096575296,6.47750008773218,0.008
Hayden,0.0384,0.063,0.176,1.185,0.892406512423108,0.204869836380108,6.48153094484754,0.008
Hayden,0.0384,0.063,0.176,1.197,0.896190976803828,0.20585268007478,6.48839166660171,0.0056
Hayden,0.0384,0.063,0.176,1.2135,0.901358859236834,0.207195681812996,6.49772532983273,0.0056
Hayden,0.0384,0.063,0.176,1.354,0.943801933705664,0.218263276163387,6.57290161665863,0.008
Hayden,0.0384,0.063,0.176,1.286,0.923596398167987,0.21298610148194,6.5374363536206,0.016
Hayden,0.0384,0.063,0.176,1.287,0.923897971299489,0.21306475448018,6.53796993999028,0.008
Hayden,0.0384,0.063,0.176,1.3485,0.94218985378598,0.217841694127142,6.57009307279309,0.008
Hayden,0.0384,0.063,0.176,1.363,0.946431710923214,0.218951202991582,6.57747546696977,0.0113
Hayden,0.0384,0.063,0.176,1.254,0.913873300167098,0.210452037143375,6.52016240572136,0.0113
Hayden,0.0384,0.063,0.176,1.241,0.909882206266255,0.20941288521374,6.51303195701351,0.008
Hayden,0.0384,0.063,0.176,1.265,0.917231676220561,0.211326910445787,6.5261443743822,0.008
Hayden,0.0384,0.063,0.176,1.291,0.925102906725445,0.213379046072325,6.54010058156449,0.0056
Hayden,0.0384,0.063,0.176,1.06,0.85158791013198,0.194304156128277,6.4061084686891,0.008
Hayden,0.0384,0.063,0.176,1.056,0.850236743674873,0.193955529434979,6.40356590272793,0.004
Hayden,0.0384,0.063,0.176,1.048,0.847525477655359,0.193256190069414,6.39845480546212,0.008
Hayden,0.0384,0.063,0.176,1.053,0.849221419599373,0.193693604207876,6.40165331536695,0.0056
Hayden,0.0384,0.063,0.176,1.073,0.855958890257051,0.195432448020511,6.41431291758175,0.008
Hayden,0.0384,0.063,0.176,1.089,0.861296600903196,0.196811307728255,6.42428943996596,0.008
Hayden,0.0384,0.063,0.176,1.109,0.867905165513078,0.198520010087856,6.43657722758752,0.008
Hayden,0.0384,0.063,0.176,1.164,0.885729838628303,0.203137203689519,6.46937364512396,0.0113
Hayden,0.0384,0.063,0.176,1.129,0.87444496084827,0.200212609720445,6.44866825883962,0.008
Hayden,0.0384,0.063,0.176,1.127,0.873794020661514,0.200044061885709,6.44746782032974,0.0056
Hayden,0.0384,0.063,0.176,1.036,0.843435975112588,0.192201905066274,6.39072230100336,0.004
Hayden,0.0384,0.063,0.176,1.016,0.836558624872801,0.190430415697367,6.3776548391407,0.004
Hayden,0.0384,0.063,0.176,1.008,0.833785709341947,0.189716697882628,6.37236330238281,0.004
Hayden,0.0384,0.063,0.176,1.004,0.83239446395007,0.189358723709748,6.36970342415313,0.004
Little Granite 99,0.017,0.059,0.133,3.539605824,0.8550013505975,0.296539817092642,13.9606321797497,0.004
Little Granite 99,0.017,0.059,0.133,3.624556363776,0.863458129503963,0.300625689869884,13.9632812126827,0.0113
Little Granite 99,0.017,0.059,0.133,4.10594275584,0.909320257587341,0.323054113335824,13.9772183214587,0.0226
Little Granite 99,0.017,0.059,0.133,4.2475269888,0.922204034521868,0.329435649699502,13.9810096306741,0.0056
Little Granite 99,0.017,0.059,0.133,4.190893295616,0.917081129622151,0.326893998691833,13.979508372269,0.0113
Little Granite 99,0.017,0.059,0.133,4.10594275584,0.909320257587341,0.323054113335824,13.9772183214587,0.0113
Little Granite 99,0.017,0.059,0.133,4.9554481536,0.983127706514381,0.360079910459076,13.9982617232889,0.016
Little Granite 99,0.017,0.059,0.133,5.040398693376,0.990087200905575,0.363628805378961,14.0001653448951,0.032
Little Granite 99,0.017,0.059,0.133,5.23861661952,1.00606354534205,0.371812533271018,14.004486157313,0.032
Little Granite 99,0.017,0.059,0.133,6.65445894912,1.11107226882463,0.426846863332521,14.0313141322682,0.064
Little Granite 99,0.017,0.059,0.133,6.51287471616,1.10119998627457,0.421582814830839,14.0289002573573,0.064
Little Granite 99,0.017,0.059,0.133,6.484557869568,1.09921050577312,0.420524217291928,14.0284112402612,0.064
Little Granite 99,0.017,0.059,0.133,6.144755710464,1.07492938423514,0.407664791133229,14.0223719460041,0.064
Little Granite 99,0.017,0.059,0.133,6.116438863872,1.0728708659543,0.406579757272664,14.0218538069628,0.064
Little Granite 99,0.017,0.059,0.133,6.3712904832,1.09120133936905,0.416270132059501,14.0264337550868,0.032
Little Granite 99,0.017,0.059,0.133,6.93762741504,1.13045445675703,0.437234848215038,14.0359926936494,0.064
Little Granite 99,0.017,0.059,0.133,6.3712904832,1.09120133936905,0.416270132059501,14.0264337550868,0.064
Little Granite 99,0.017,0.059,0.133,6.3712904832,1.09120133936905,0.416270132059501,14.0264337550868,0.064
Little Granite 99,0.017,0.059,0.133,6.682775795712,1.11303193845106,0.427893967267956,14.0317907886943,0.09
Little Granite 99,0.017,0.059,0.133,6.51287471616,1.10119998627457,0.421582814830839,14.0289002573573,0.09
Little Granite 99,0.017,0.059,0.133,4.9554481536,0.983127706514381,0.360079910459076,13.9982617232889,0.045
Little Granite 99,0.017,0.059,0.133,4.870497613824,0.976098062734222,0.356505185910694,13.9963254499991,0.045
Little Granite 99,0.017,0.059,0.133,4.9554481536,0.983127706514381,0.360079910459076,13.9982617232889,0.032
Little Granite 99,0.017,0.059,0.133,5.153666079744,0.999260617234238,0.368321549257009,14.0026545868793,0.045
Little Granite 99,0.017,0.059,0.133,4.67227968768,0.959411637786416,0.348060046325347,13.9916739561665,0.032
Little Granite 99,0.017,0.059,0.133,4.587329147904,0.952133567287614,0.344394416025209,13.989620225582,0.0226
Little Granite 99,0.017,0.059,0.133,4.67227968768,0.959411637786416,0.348060046325347,13.9916739561665,0.045
Little Granite 99,0.017,0.059,0.133,5.012081846784,0.98777504701819,0.362448671735349,13.9995343640779,0.032
Little Granite 99,0.017,0.059,0.133,7.419013807104,1.16236943440345,0.454491518388244,14.0435276972218,0.09
Little Granite 99,0.017,0.059,0.133,6.852676875264,1.12468919342405,0.434137602957328,14.034609319995,0.064
Little Granite 99,0.017,0.059,0.133,7.022577954816,1.13617856821685,0.440316091998362,14.0373593645731,0.064
Little Granite 99,0.017,0.059,0.133,7.164162187776,1.14562942994478,0.445416682116338,14.0396011124884,0.09
Little Granite 99,0.017,0.059,0.133,6.173072557056,1.07698236050247,0.408747711978857,14.0228877218031,0.064
Little Granite 99,0.017,0.059,0.133,6.173072557056,1.07698236050247,0.408747711978857,14.0228877218031,0.064
Little Granite 99,0.017,0.059,0.133,4.870497613824,0.976098062734222,0.356505185910694,13.9963254499991,0.032
Little Granite 99,0.017,0.059,0.133,4.81386392064,0.971371702622365,0.354107369755106,13.9950158986343,0.064
Little Granite 99,0.017,0.059,0.133,4.81386392064,0.971371702622365,0.354107369755106,13.9950158986343,0.045
Little Granite 99,0.017,0.059,0.133,4.9554481536,0.983127706514381,0.360079910459076,13.9982617232889,0.032
Little Granite 99,0.017,0.059,0.133,4.643962841088,0.956994280693535,0.34684132621702,13.9909935244669,0.032
Little Granite 99,0.017,0.059,0.133,4.67227968768,0.959411637786416,0.348060046325347,13.9916739561665,0.032
Little Granite 99,0.017,0.059,0.133,4.67227968768,0.959411637786416,0.348060046325347,13.9916739561665,0.045
Little Granite 99,0.017,0.059,0.133,4.898814460416,0.978449190242571,0.357699669886512,13.9969745718174,0.045
Little Granite 99,0.017,0.059,0.133,4.700596534272,0.961820439357476,0.349275646056809,13.9923503092638,0.032
Little Granite 99,0.017,0.059,0.133,4.67227968768,0.959411637786416,0.348060046325347,13.9916739561665,0.0226
Little Granite 99,0.017,0.059,0.133,4.757230227456,0.966612700862004,0.351697590862194,13.993690973971,0.045
Little Granite 99,0.017,0.059,0.133,4.927131307008,0.980792380776342,0.358891236793457,13.997619982124,0.045
Little Granite 99,0.017,0.059,0.133,4.81386392064,0.971371702622365,0.354107369755106,13.9950158986343,0.032
Little Granite 99,0.017,0.059,0.133,4.81386392064,0.971371702622365,0.354107369755106,13.9950158986343,0.032
Little Granite 99,0.017,0.059,0.133,4.842180767232,0.973738924985805,0.355307760702375,13.99567257356,0.064
Little Granite 99,0.017,0.059,0.133,4.898814460416,0.978449190242571,0.357699669886512,13.9969745718174,0.032
Little Granite 99,0.017,0.059,0.133,5.210299772928,1.0038031216102,0.370651550950699,14.0038789283992,0.032
Little Granite 99,0.017,0.059,0.133,5.6633693184,1.03914605586545,0.388919971576954,14.0132233723232,0.032
Little Granite 99,0.017,0.059,0.133,5.606735625216,1.03482091872201,0.386671134486495,14.0120967168067,0.09
Little Granite 99,0.017,0.059,0.133,5.94653778432,1.06040105874009,0.400024389334418,14.0186940996756,0.064
Little Granite 02,0.0121,0.067,0.138,1.04310213399177,0.827671660107955,0.197936233947005,6.35907765463193,0.004
Little Granite 02,0.0121,0.067,0.138,1.14732931369035,0.864161142054107,0.207115814293976,6.40234465828203,0.0056
Little Granite 02,0.0121,0.067,0.138,1.37217882194537,0.937136993204229,0.225532549281017,6.48444633780626,0.0056
Little Granite 02,0.0121,0.067,0.138,1.73990950406147,1.04355322943043,0.25251804612287,6.59499933517841,0.008
Little Granite 02,0.0121,0.067,0.138,1.85378272896929,1.07395647310092,0.260254192146465,6.624834704277,0.0113
Little Granite 02,0.0121,0.067,0.138,1.87703157561789,1.08003705080751,0.26180274828491,6.63071611007447,0.0226
Little Granite 02,0.0121,0.067,0.138,1.77818377103875,1.05389039923601,0.255147085390342,6.60522467795374,0.0056
Little Granite 02,0.0121,0.067,0.138,1.94535020142508,1.09767059450564,0.266296022689004,6.6476156385252,0.016
Little Granite 02,0.0121,0.067,0.138,2.13074862814606,1.14388173063593,0.278088523004594,6.69084165115043,0.0113
Little Granite 02,0.0121,0.067,0.138,2.28625323546682,1.1809713234599,0.287570884018225,6.72448316109469,0.0226
Little Granite 02,0.0121,0.067,0.138,1.92400495051109,1.09219813626206,0.264901168533235,6.64239561576995,0.0113
Little Granite 02,0.0121,0.067,0.138,1.79749175492215,1.05905895814723,0.25646209028104,6.61030565947017,0.016
Little Granite 02,0.0121,0.067,0.138,1.76913709318058,1.05145813023826,0.254528371232178,6.60282635137103,0.0113
Little Granite 02,0.0121,0.067,0.138,1.0781031740129,0.840139020869816,0.201070354890041,6.37403836286737,0.0056
Little Granite 02,0.0121,0.067,0.138,1.07036590599148,0.837402294023502,0.200382176329141,6.37077042553954,0.0056
Little Granite 02,0.0121,0.067,0.138,1.07380093055676,0.838618617818696,0.200688019581167,6.37222395261998,0.0056
Little Granite 02,0.0121,0.067,0.138,1.09540624620063,0.846220614330315,0.202600042127797,6.38126841990189,0.0113
Little Granite 02,0.0121,0.067,0.138,0.899991835360807,0.774151752485699,0.184509736676718,6.29261330245586,0.004
Little Granite 02,0.0121,0.067,0.138,0.899211602888406,0.773847655046745,0.184433579581695,6.29222473054763,0.004
Little Granite 02,0.0121,0.067,0.138,0.811207128126036,0.738571790151409,0.175609678101821,6.24625110189336,0.004
Little Granite 02,0.0121,0.067,0.138,0.815637761182976,0.740396431591458,0.176065577723029,6.24867399556218,0.0056
Little Granite 02,0.0121,0.067,0.138,0.960374190747158,0.797262921621339,0.19030202013373,6.32177478730691,0.004
Little Granite 02,0.0121,0.067,0.138,1.12252395940245,0.855647025322584,0.204972144447961,6.39238885996413,0.004
Little Granite 02,0.0121,0.067,0.138,1.24485971025357,0.896696708395123,0.215317359698987,6.43964358558325,0.0113
Little Granite 02,0.0121,0.067,0.138,1.51148080175022,0.979096330798649,0.236155130075134,6.52924139728934,0.0056
Little Granite 02,0.0121,0.067,0.138,1.82264787889954,1.06574765590229,0.258164338346023,6.61685008937186,0.0226
Little Granite 02,0.0121,0.067,0.138,1.9536859127354,1.09979876767788,0.266838560145281,6.6496397203655,0.0226
Little Granite 02,0.0121,0.067,0.138,1.87936517471231,1.08064510729102,0.261957627959409,6.63130271334584,0.032
Little Granite 02,0.0121,0.067,0.138,1.89222830971717,1.08398941378005,0.262809544136318,6.63452406355715,0.0113
Little Granite 02,0.0121,0.067,0.138,2.06505515865932,1.12776878447597,0.273973904062485,6.67593949290412,0.016
Little Granite 02,0.0121,0.067,0.138,2.34249204077967,1.19404369408514,0.29091660916364,6.73612814372005,0.0226
Little Granite 02,0.0121,0.067,0.138,2.56248214864033,1.24359622099939,0.303615747987557,6.77931650613968,0.032
Little Granite 02,0.0121,0.067,0.138,2.32409969439887,1.18978758419193,0.289827100880262,6.73234861158811,0.032
Little Granite 02,0.0121,0.067,0.138,2.67016767634784,1.26700399790953,0.309623611658671,6.7992154254406,0.045
Little Granite 02,0.0121,0.067,0.138,2.88102449007541,1.31138676892973,0.321030339554939,6.8361093447907,0.032
Little Granite 02,0.0121,0.067,0.138,2.23332523510975,1.16850687811635,0.284382500917378,6.71327810012377,0.0226
Little Granite 02,0.0121,0.067,0.138,2.23076071095967,1.16789885407897,0.284227013461428,6.71272893726465,0.0226
Little Granite 02,0.0121,0.067,0.138,2.23460810127204,1.16881089005407,0.284460246165235,6.71355259117065,0.032
Little Granite 02,0.0121,0.067,0.138,1.59561741759048,1.00342001906693,0.242323662131707,6.55447311147733,0.0113
Little Granite 02,0.0121,0.067,0.138,1.60952521332628,1.0073725801425,0.243326761080559,6.5585244228955,0.0113
Little Granite 02,0.0121,0.067,0.138,1.69877486266515,1.03230387697773,0.249658515082721,6.58377421492428,0.016
Little Granite 02,0.0121,0.067,0.138,1.68005542649133,1.02713522758478,0.248345198717985,6.57858209825346,0.016
Little Granite 02,0.0121,0.067,0.138,1.45812548371862,0.963285712897772,0.232149686985731,6.51255576086056,0.0226
Little Granite 02,0.0121,0.067,0.138,1.48672500912287,0.971799144360001,0.234306058246724,6.52156879510097,0.0113
Little Granite 02,0.0121,0.067,0.138,1.51666639990173,0.980616573292382,0.236540440438245,6.53083378188961,0.016
Little Granite 02,0.0121,0.067,0.138,1.35357503790331,0.931359883802674,0.224071861536716,6.47814702384638,0.0113
Little Granite 02,0.0121,0.067,0.138,1.47340888912703,0.967846486109715,0.233304767691935,6.51739248971857,0.0113
Little Granite 02,0.0121,0.067,0.138,1.5977527840138,1.00402810607681,0.242477972184245,6.5550972653342,0.0226
Little Granite 02,0.0121,0.067,0.138,1.58602758490557,1.00068362440799,0.24162932489963,6.55166046466129,0.0113
Little Granite 02,0.0121,0.067,0.138,1.84452752885919,1.07152423544697,0.259634892511017,6.62247427478246,0.016
Little Granite 02,0.0121,0.067,0.138,1.93110572968115,1.09402229108453,0.265366081108084,6.6441380698056,0.032
Little Granite 02,0.0121,0.067,0.138,1.70319591962485,1.03352002720607,0.249967578629839,6.58499270186416,0.0113
Little Granite 02,0.0121,0.067,0.138,1.14021182031444,0.86172854314016,0.206503228781506,6.39950861801493,0.0056
NF Swan,0.03,0.039,0.124,0.198217926144,0.391673895593993,0.088475257932549,5.72,0.008
NF Swan,0.03,0.039,0.124,0.396778471264152,0.566201184707235,0.12251262998438,5.72,0.0056
NF Swan,0.03,0.039,0.124,0.551972544691489,0.674683225711033,0.143028011440468,5.72,0.0056
NF Swan,0.03,0.039,0.124,0.573291609491738,0.688397316515187,0.145592818601846,5.72,0.0113
NF Swan,0.03,0.039,0.124,0.54685301556362,0.671353144403941,0.142404305755939,5.72,0.008
NF Swan,0.03,0.039,0.124,0.602578655627339,0.706852878465263,0.149034992541558,5.72,0.0226
NF Swan,0.03,0.039,0.124,0.666272311578809,0.74559128023673,0.156226420505859,5.72,0.0226
NF Swan,0.03,0.039,0.124,0.766504234893111,0.803191240342552,0.166839597015571,5.72,0.016
NF Swan,0.03,0.039,0.124,0.830540611553275,0.838151171696077,0.173237558233054,5.72,0.0226
NF Swan,0.03,0.039,0.124,0.657712416123134,0.740489441213288,0.155281853797031,5.72,0.008
NF Swan,0.03,0.039,0.124,0.663292959325345,0.743819044074489,0.155898390257457,5.72,0.0056
NF Swan,0.03,0.039,0.124,0.683421999468431,0.75572113417969,0.15809965561802,5.72,0.008
NF Swan,0.03,0.039,0.124,0.703347216907819,0.76734184571488,0.160244978014139,5.72,0.008
NF Swan,0.03,0.039,0.124,0.759444548158412,0.79925460144469,0.166117145765325,5.72,0.016
NF Swan,0.03,0.039,0.124,0.809660444394681,0.826895416441685,0.171181124452735,5.72,0.008
NF Swan,0.03,0.039,0.124,0.861230336790862,0.854456762597168,0.176210898222413,5.72,0.0113
NF Swan,0.03,0.039,0.124,0.915813305391073,0.882797760159867,0.181363238943878,5.72,0.0113
NF Swan,0.03,0.039,0.124,0.931932054967401,0.891014495722967,0.182853390479892,5.72,0.0226
NF Swan,0.03,0.039,0.124,0.765003349784597,0.802355741339425,0.166686301020079,5.72,0.0056
NF Swan,0.03,0.039,0.124,0.778244539935656,0.80970043482159,0.168033257539537,5.72,0.008
NF Swan,0.03,0.039,0.124,0.793526126451864,0.81810443311051,0.169572733556142,5.72,0.0113
NF Swan,0.03,0.039,0.124,0.815011083115651,0.829792602847055,0.171710752924073,5.72,0.008
NF Swan,0.03,0.039,0.124,0.832891992420006,0.8394103608034,0.173467411619108,5.72,0.0056
NF Swan,0.03,0.039,0.124,0.853454241584713,0.850351419039055,0.175462913854671,5.72,0.008
NF Swan,0.03,0.039,0.124,0.88116298950801,0.864901400329175,0.178112001647943,5.72,0.0113
NF Swan,0.03,0.039,0.124,0.972902766256998,0.911604802457588,0.186580550752192,5.72,0.0226
NF Swan,0.03,0.039,0.124,1.06934553182529,0.958524950578067,0.195037523528846,5.72,0.032
NF Swan,0.03,0.039,0.124,1.15262874963677,0.997467673086374,0.202019901589131,5.72,0.032
NF Swan,0.03,0.039,0.124,1.22062080138774,1.02829120170497,0.207523930233759,5.72,0.09
NF Swan,0.03,0.039,0.124,1.26039606217896,1.04595010951044,0.210668500884398,5.72,0.09
NF Swan,0.03,0.039,0.124,1.31735319244374,1.07078829685441,0.215081050610594,5.72,0.064
NF Swan,0.03,0.039,0.124,1.32832956030612,1.07551663602316,0.215919686969414,5.72,0.064
NF Swan,0.03,0.039,0.124,1.32914108520869,1.07586549143319,0.215981544228234,5.72,0.032
NF Swan,0.03,0.039,0.124,1.06610777006574,0.95698277621595,0.19476034003321,5.72,0.045
NF Swan,0.03,0.039,0.124,1.13783362484262,0.990648431566665,0.200799554235932,5.72,0.045
NF Swan,0.03,0.039,0.124,1.24780463394901,1.04038857467634,0.209678816588312,5.72,0.045
NF Swan,0.03,0.039,0.124,1.3590006812682,1.08863271126449,0.21824375810529,5.72,0.064
NF Swan,0.03,0.039,0.124,1.39365430859212,1.10328590665902,0.220836333564188,5.72,0.064
NF Swan,0.03,0.039,0.124,1.11592224540986,0.980472353440922,0.19897665229327,5.72,0.0226
NF Swan,0.03,0.039,0.124,1.15126426379916,0.996840491138921,0.201907704098909,5.72,0.032
NF Swan,0.03,0.039,0.124,1.20534634587424,1.02143827619074,0.206301917432859,5.72,0.0226
NF Swan,0.03,0.039,0.124,1.30142442614827,1.06389360193256,0.21385740537219,5.72,0.032
NF Swan,0.03,0.039,0.124,1.36852833581438,1.09267875053218,0.218960024794317,5.72,0.0226
NF Swan,0.03,0.039,0.124,1.439518604447,1.12241925802469,0.224215539980436,5.72,0.064
NF Swan,0.03,0.039,0.124,1.47530728405754,1.13715151202488,0.226812868125278,5.72,0.09
NF Swan,0.03,0.039,0.124,1.26850657982553,1.04951867152729,0.211303208636847,5.72,0.032
NF Swan,0.03,0.039,0.124,1.31111806891937,1.06809413397624,0.214603010266067,5.72,0.032
NF Swan,0.03,0.039,0.124,1.38557751741723,1.09988607136428,0.220235164158415,5.72,0.032
NF Swan,0.03,0.039,0.124,1.52796121499798,1.15852492071324,0.230574081434146,5.72,0.045
NF Swan,0.03,0.039,0.124,1.61954648680778,1.1948947084544,0.236955785771627,5.72,0.09
NF Swan,0.03,0.039,0.124,1.72404503067568,1.23523344494795,0.244007457635327,5.72,0.09
NF Swan,0.03,0.039,0.124,1.72661562466491,1.23621107981232,0.244178022274214,5.72,0.09
NF Swan,0.03,0.039,0.124,1.42276094061467,1.11546202491468,0.222987583519023,5.72,0.0226
NF Swan,0.03,0.039,0.124,1.48304788403339,1.140315768598,0.227370219255068,5.72,0.032
NF Swan,0.03,0.039,0.124,1.54892611218483,1.16693867910691,0.232052474059696,5.72,0.045
NF Swan,0.03,0.039,0.124,1.62339956360501,1.19640338565381,0.237220014679371,5.72,0.032
NF Swan,0.03,0.039,0.124,1.67821040305829,1.21768561582896,0.240943253250908,5.72,0.045
NF Swan,0.03,0.039,0.124,1.72490189033385,1.23555939724627,0.2440643271782,5.72,0.045
NF Swan,0.03,0.039,0.124,1.74546801829468,1.24336016541319,0.245424821211768,5.72,0.064
NF Swan,0.03,0.039,0.124,1.4237032350033,1.11585425106771,0.223056835443601,5.72,0.0226
NF Swan,0.03,0.039,0.124,1.42296407995272,1.11554659112515,0.223002514871945,5.72,0.032
NF Swan,0.03,0.039,0.124,1.46011617787684,1.13091886589471,0.225714521611919,5.72,0.064
NF Swan,0.03,0.039,0.124,1.53725409038358,1.16226103103163,0.231230712530011,5.72,0.064
NF Swan,0.03,0.039,0.124,1.59592658361557,1.18560927292751,0.235328679820179,5.72,0.045
NF Swan,0.03,0.039,0.124,1.68787332546438,1.22140359232523,0.241592914887822,5.72,0.064
NF Swan,0.03,0.039,0.124,1.74012124428536,1.24133629022884,0.245071942975344,5.72,0.128
NF Swan,0.03,0.039,0.124,1.7635784994595,1.25019388161896,0.246615837512136,5.72,0.09
St Louis Lower,0.012,0.053,0.12,1.17394759967474,0.681504014446126,0.205857482458885,8.41425438318004,0.008
St Louis Lower,0.012,0.053,0.12,1.47994596300307,0.763415582016218,0.230599976599502,8.44941003712835,0.008
St Louis Lower,0.012,0.053,0.12,1.37506905396358,0.736409798587681,0.222442515351168,8.43823861223959,0.0056
St Louis Lower,0.012,0.053,0.12,2.16634545433073,0.920125630700466,0.277936361146506,8.50756076370274,0.0113
St Louis Lower,0.012,0.053,0.12,1.75428615528742,0.829754780252889,0.250638626479563,8.4753134423441,0.0056
St Louis Lower,0.012,0.053,0.12,1.69805512371316,0.816614193139063,0.246669334848196,8.47034486932151,0.004
St Louis Lower,0.012,0.053,0.12,1.9269742553761,0.868819873687083,0.262438765020082,8.48964884969713,0.0056
St Louis Lower,0.012,0.053,0.12,1.89873305814492,0.86255712361365,0.26054701686298,8.48739298123414,0.008
St Louis Lower,0.012,0.053,0.12,1,0.63,0.1903,8.39,0.002
St Louis Lower,0.012,0.053,0.12,4.67,1.34062039146576,0.404952476977672,8.62600418830113,0.05
St Louis Upper,0.016,0.066,0.18,1.71690673490535,0.909743054379772,0.291577845864363,6.48589096766806,0.0028
St Louis Upper,0.016,0.066,0.18,2.02140647440434,1.01507308102025,0.307316982617786,6.49373190942236,0.0056
St Louis Upper,0.016,0.066,0.18,2.14803605780584,1.05731307223001,0.313388798272284,6.49665232380169,0.0113
St Louis Upper,0.016,0.066,0.18,1.78726511634753,0.934592980631741,0.295373096292946,6.48781886859398,0.0056
St Louis Upper,0.016,0.066,0.18,1.78726511634753,0.934592980631741,0.295373096292946,6.48781886859398,0.0056
St Louis Upper,0.016,0.066,0.18,1.88976452216535,0.970226809490587,0.300724880516061,6.49049672193863,0.0056
St Louis Upper,0.016,0.066,0.18,2.19497723720808,1.0727616855186,0.315577877626694,6.49769168339653,0.0056
St Louis Upper,0.016,0.066,0.18,2.27028638366765,1.09732133307801,0.319024511155032,6.4993139298316,0.016
St Louis Upper,0.016,0.066,0.18,2.30022632504087,1.10701055590106,0.320373221088297,6.49994407777027,0.0113
St Louis Upper,0.016,0.066,0.18,2.30022632504087,1.10701055590106,0.320373221088297,6.49994407777027,0.0113
St Louis Upper,0.016,0.066,0.18,2.30022632504087,1.10701055590106,0.320373221088297,6.49994407777027,0.0113
St Louis Upper,0.016,0.066,0.18,1.90585101883729,0.975760862203621,0.301546801187522,6.49090385383548,0.0056
St Louis Upper,0.016,0.066,0.18,1.88976452216535,0.970226809490587,0.300724880516061,6.49049672193863,0.008
St Louis Upper,0.016,0.066,0.18,1.94042582008007,0.987603515382493,0.303297571419409,6.49176748167277,0.004
St Louis Upper,0.016,0.066,0.18,2.08530479309947,1.03649323609548,0.310412124880078,6.49522758152193,0.004
St Louis Upper,0.016,0.066,0.18,2.13308288217306,1.05236863839602,0.312684658481433,6.49631649493603,0.0056
St Louis Upper,0.016,0.066,0.18,2.13308288217306,1.05236863839602,0.312684658481433,6.49631649493603,0.0056
St Louis Upper,0.016,0.066,0.18,2.11681147367305,1.04697534179385,0.31191463091404,6.49594839501687,0.008
St Louis Upper,0.016,0.066,0.18,2.08530479309947,1.03649323609548,0.310412124880078,6.49522758152193,0.008
St Louis Upper,0.016,0.066,0.18,2.28468727299859,1.10198699081741,0.319674726193067,6.49961804934094,0.008
St Louis Upper,0.016,0.066,0.18,2.32993158086739,1.11658290832074,0.321699647086597,6.50056129125747,0.0056
St Louis Upper,0.016,0.066,0.18,2.37464878136578,1.13091742953785,0.323674947595964,6.50147584644202,0.0113
St Louis Upper,0.016,0.066,0.18,2.3594087251952,1.12604214280314,0.323004601041542,6.50116609177273,0.016
St Louis Upper,0.016,0.066,0.18,2.30022632504087,1.10701055590106,0.320373221088297,6.49994407777027,0.0113
St Louis Upper,0.016,0.066,0.18,2.05350649128445,1.02586114194824,0.308880023838558,6.49448905134704,0.0056
St Louis Upper,0.016,0.066,0.18,2.17898754579217,1.06751170567106,0.314835802226732,6.49734014254359,0.0056
St Louis Upper,0.016,0.066,0.18,2.3594087251952,1.12604214280314,0.323004601041542,6.50116609177273,0.008
St Louis Upper,0.016,0.066,0.18,2.34410868584701,1.12113723447793,0.322328656471513,6.50085311374721,0.0056
St Louis Upper,0.016,0.066,0.18,2.51715675405343,1.17601942597345,0.329806483256959,6.50428037717336,0.0113
St Louis Upper,0.016,0.066,0.18,2.53181259857581,1.18060952985954,0.330423590128111,6.50455981142104,0.0113
St Louis Upper,0.016,0.066,0.18,2.51715675405343,1.17601942597345,0.329806483256959,6.50428037717336,0.016
St Louis Upper,0.016,0.066,0.18,2.53181259857581,1.18060952985954,0.330423590128111,6.50455981142104,0.0113
St Louis Upper,0.016,0.066,0.18,2.53181259857581,1.18060952985954,0.330423590128111,6.50455981142104,0.0113
St Louis Upper,0.016,0.066,0.18,2.32993158086739,1.11658290832074,0.321699647086597,6.50056129125747,0.016
St Louis Upper,0.016,0.066,0.18,2.38866402056846,1.13539181909338,0.324288849738667,6.50175896985858,0.0113
St Louis Upper,0.016,0.066,0.18,2.31570192359779,1.11200252263607,0.321065691208759,6.50026660927565,0.0113
St Louis Upper,0.016,0.066,0.18,2.4602976668601,1.15812763922681,0.327389019460071,6.50318077462046,0.0113
St Louis Upper,0.016,0.066,0.18,2.50358216516666,1.17176011388677,0.329232727413254,6.50402011420084,0.016
St Louis Upper,0.016,0.066,0.18,2.53181259857581,1.18060952985954,0.330423590128111,6.50455981142104,0.008
St Louis Upper,0.016,0.066,0.18,2.51715675405343,1.17601942597345,0.329806483256959,6.50428037717336,0.0113
St Louis Upper,0.016,0.066,0.18,2.48996275597974,1.16747909588374,0.328654953541365,6.50375758040986,0.0113
